no,tango,kana,en,zh,vi
0001,愛,あい,love,爱,tình yêu
0002,愛情,あいじょう,affection,爱，感情,"tình yêu thương, tình cảm"
0003,アイデア/アイディア,,idea,主意,"ý tưởng, sáng kiến"
0004,握手,あくしゅ,handshake,握手,bắt tay
0005,アクセス,,access,连接，访问,truy cập
0006,アクセント,,accent,重音，声调,trọng âm
0007,あちらこちら,,here and there,到处，处处,"khắp nơi, đây đó, chỗ này chỗ kia"
0008,集まり,あつまり,gathering,集会，汇合,"sự tập trung, tập hợp, buổi gặp mặt"
0009,宛名,あてな,address,收件人姓名（住址）,"tên, địa chỉ người nhận"
0010,後片付け,あとかたづけ,"cleanup, clearing away",事后整理,dọn dẹp
0011,アドバイス,,advice,建议,lời khuyên
0012,穴,あな,hole,孔，洞,"hố, lỗ, lỗ thủng"
0013,余り,あまり,"leftover, remainder",剩余的，多余的,"thừa, dư"
0014,アンケート,,"questionnaire, survey",问卷调查,"bản điều tra, phiếu điều tra"
0015,いたずら,,mischief,（搞）恶作剧,nghịch ngợm
0016,一部,いちぶ,part,一部分,một phần
0017,一瞬,いっしゅん,a moment/second,一瞬间,"khoảnh khắc, trong nháy mắt"
0018,違反,いはん,"breach, violation",违反,vi phạm
0019,イベント,,event,活动,sự kiện
0020,イメージ,,image,形象，印象，产生了……印象,"hình ảnh, hình dung, ấn tượng"
0021,印刷,いんさつ,print,印刷,"in ấn, in"
0022,印象,いんしょう,impression,印象,ấn tượng
0023,インタビュー,,interview,采访,phỏng vấn
0024,うそ,,lie,谎话,"nói dối, dối trá"
0025,内側,うちがわ,inside,内侧,phía bên trong
0026,エアメール,,airmail,航空邮件,đường hàng không
0027,影響,えいきょう,influence,影响,ảnh hưởng
0028,営業,えいぎょう,"business operation, sales",营业,"kinh doanh, mở cửa"
0029,エコ（エコロジー）,,eco (ecology),环保,sinh thái học
0030,エネルギー,,energy,能源,năng lượng
0031,オイル,,oil,油，石油,"dầu, dầu mỡ"
0032,（お）祝い,（お）いわい,"celebration, (congratulatory) gift",祝贺（礼物）,"lời chúc, quà chúc mừng"
0033,応援,おうえん,"support, cheer",加油，助威,"cổ vũ, cổ động"
0034,大型,おおがた,large size,大型,"cỡ to, loại to"
0035,オーケー,,"okay, fine",可以，答应,"đồng ý, ok"
0036,おじぎ,,bow,鞠躬，行礼,sự cúi chào
0037,おしゃべり,,chat,聊天,"tán gẫu, buôn chuyện"
0038,落とし物,おとしもの,lost property,遗失的东西,đồ đánh rơi
0039,思い出,おもいで,memory,回忆,kỉ niệm
0040,オリンピック,,Olympics,奥运会,olympic
0041,カード,,"card, credit card",卡,thẻ
0042,開会,かいかい,opening of a meeting,开会,khai mạc
0043,解決,かいけつ,"solution, settlement",解决,giải quyết
0044,外出,がいしゅつ,going out,外出,đi ra ngoài
0045,改正,かいせい,"revision, amendment",修改，修正,"sửa chữa, sửa đổi"
0046,解説,かいせつ,explanation,解说,giải thích
0047,回転,かいてん,"revolving, spin",旋转,"xoay vòng, quay vòng"
0048,ガイドブック,,guidebook,旅行指南,sách hướng dẫn du lịch
0049,書留,かきとめ,registered mail,挂号信,gửi đảm bảo
0050,拡大,かくだい,"enlargement, expansion",扩大,"khuếch đại, phóng to"
0051,家事,かじ,housework,家务,việc nhà
0052,貸し出し,かしだし,lending,借出,cho mượn
0053,数,かず,number,数量,"số, lượng"
0054,型,かた,"model, design, type",形状,"kiểu, kiểu dáng"
0055,片方,かたほう,"one of two, one side",一方，一只,"1 bên, một phía, một chiếc"
0056,カタログ,,catalog,目录,"catalogue, quyển giới thiệu"
0057,価値,かち,value,价值,giá trị
0058,カット,,cut,剪，切,cắt
0059,活動,かつどう,"action, activity",活动,hoạt động
0060,我慢,がまん,"patience, endurance",忍耐，忍受,"chịu đựng, cố gắng"
0061,神,かみ,god,神,"thần thánh, thần linh"
0062,空,から,empty,空,"trống, rỗng, trống không, trống rỗng"
0063,革,かわ,leather,皮革,da
0064,歓迎,かんげい,welcome,欢迎,"hoan nghênh, chào mừng"
0065,観光,かんこう,sightseeing,观光,tham quan
0066,観察,かんさつ,observation,观察,quan sát
0067,感じ,かんじ,"impression, feeling",感觉,"cảm giác, cảm nhận, thấy"
0068,感謝,かんしゃ,"gratitude, thankfulness",感谢,"cảm ơn, biết ơn"
0069,感情,かんじょう,"feeling, emotion",感情,"tình cảm, cảm xúc"
0070,感心,かんしん,admiration,赞美，赞赏,"cảm tình, cảm kích"
0071,関心,かんしん,"interest, concern",关心，感兴趣,"quan tâm, đam mê"
0072,完成,かんせい,completion,完成，完工,hoàn thành
0073,感想,かんそう,"impression, opinion",感想,"cảm tưởng, suy nghĩ"
0074,感動,かんどう,"deep impression, moving",感动，激动,cảm động
0075,乾杯,かんぱい,toast,干杯,"cạn chén, nâng ly, cụng ly"
0076,管理,かんり,management,管理,quản lí
0077,関連,かんれん,"connection, relation",关联，相关,liên quan
0078,機会,きかい,chance,机会,cơ hội
0079,効きめ,ききめ,effect,效果,tác dụng
0080,帰国,きこく,returning to one’s home country,回国,về nước
0081,記事,きじ,article,新闻，报道,"ký sự, bài báo, bài viết"
0082,技術,ぎじゅつ,technology,技术,"kỹ thuật, khoa học kỹ thuật"
0083,期待,きたい,expectation,期待，期望,"kì vọng, hi vọng"
0084,帰宅,きたく,returning home,回家,về nhà
0085,貴重品,きちょうひん,valuables,贵重物品,"đồ có giá trị, đồ quý"
0086,記入,きにゅう,"entry, filling out",填写，写上,"ghi vào, nhập vào, ghi"
0087,記念,きねん,commemoration,纪念,kỉ niệm
0088,希望,きぼう,"wish, hope",希望，期望,"nguyện vọng, mong muốn"
0089,基本,きほん,basic,基本,"cơ bản, cơ sở"
0090,義務,ぎむ,"duty, responsibility",义务,"nghĩa vụ, bổn phận"
0091,疑問,ぎもん,"question, doubt",疑问,"nghi vấn, hoài nghi, câu hỏi"
0092,休憩,きゅうけい,break,休息,nghỉ giải lao
0093,急用,きゅうよう,urgent business/matter,急事,việc gấp
0094,行事,ぎょうじ,event,仪式，活动,"lễ hội, sự kiện"
0095,競争,きょうそう,competition,竞争，比赛,"cạnh tranh, thi đua, thi"
0096,共通,きょうつう,common,共同,"chung, giống nhau"
0097,協力,きょうりょく,cooperation,协作，合作,"hợp tác, hợp lực"
0098,行列,ぎょうれつ,"line, queue",排队，队伍,"hàng người, đoàn người"
0099,許可,きょか,permission,许可,"cho phép, phê duyệt, cấp phép"
0100,漁業,ぎょぎょう,fishing industry,渔业,ngư nghiệp
0101,距離,きょり,distance,距离,cự li
0102,記録,きろく,record,记录,"kỉ lục, ghi chép"
0103,金,きん,gold,金,"tiền, vàng"
0104,銀,ぎん,silver,银,bạc
0105,金庫,きんこ,safe,保险柜,"két, két sắt"
0106,近視,きんし,"near-sighted, short-sighted",近视,cận thị
0107,金属,きんぞく,metal,金属,kim loại
0108,緊張,きんちょう,"strain, stress, tension",紧张,"căng thẳng, hồi hộp"
0109,具合,ぐあい,"condition, state",状态，情况,"tình trạng, sức khoẻ"
0110,工夫,くふう,device,设法，想办法,"cố gắng, công phu, nỗ lực"
0111,区別,くべつ,distinction,区别,phân biệt
0112,クリーニング,,cleaning,洗衣服，干洗,giặt là
0113,クリック,,click,点击,kích vào
0114,苦労,くろう,labor,辛苦，操心,"khổ công, gian khổ, vất vả"
0115,経営,けいえい,management,经营,kinh doanh
0116,敬語,けいご,honorific language,敬语,kính ngữ
0117,掲示,けいじ,"bulletin, notice",布告，公示,thông báo
0118,景色,けしき,"landscape, scenery, view",景色,phong cảnh
0119,結果,けっか,result,结果,kết quả
0120,決心,けっしん,"determination, resolution",决心,quyết tâm
0121,欠席,けっせき,absence,缺席,"vắng mặt, nghỉ"
0122,決定,けってい,decision,决定,quyết định
0123,欠点,けってん,"fault, weak point",缺点,khuyết điểm
0124,結論,けつろん,conclusion,结论,kết luận
0125,券,けん,ticket,券,"vé, phiếu"
0126,見学,けんがく,"study tour, observation tour",参观,tham quan học tập
0127,研修,けんしゅう,training,进修,"thực tập, học việc"
0128,建設,けんせつ,construction,建设,"xây dựng, kiến thiết"
0129,建築,けんちく,architecture,建筑,kiên trúc
0130,憲法,けんぽう,constitution,宪法,hiến pháp
0131,権利,けんり,right,权利,quyền lợi
0132,原料,げんりょう,"raw material, basic ingredient",原料,nguyên liệu
0133,講演,こうえん,lecture,演说，演讲,"bài giảng, bài diễn thuyết"
0134,効果,こうか,good effect,效果,hiệu quả
0135,交換,こうかん,exchange,交换,"trao đổi, đổi"
0136,工業,こうぎょう,industry,工业,công nghiệp
0137,航空便,こうくうびん,airmail,航空邮件,đường hàng không
0138,合計,ごうけい,total,合计,"tổng cộng, tổng số"
0139,広告,こうこく,advertisement,（做）广告,quảng cáo
0140,交際,こうさい,"companionship, association",交往,"tìm hiểu, giao thiệp, quan hệ"
0141,工事,こうじ,construction work,工事，施工,thi công
0142,行動,こうどう,"action, behavior",行动,"hành động, làm"
0143,公立,こうりつ,public,公立,công lập
0144,交流,こうりゅう,"interchange, interraction",交流,giao lưu
0145,コース,,course,路线,"khóa học, lộ trình"
0146,コーナー,,"corner, area",角落,góc
0147,ゴール,,"goal, finish line",（到达）终点，目标,"đích, khung thành"
0148,誤解,ごかい,"misunderstanding, mistake",误解,"hiểu lầm, hiểu sai"
0149,小型,こがた,small-size,小型,"cỡ nhỏ, kích thước nhỏ"
0150,国産,こくさん,"domestically made, home-grown",国产,sản xuất trong nước
0151,国立,こくりつ,national,国立,quốc lập
0152,心,こころ,"heart, mind",心,"trái tim, tấm lòng"
0153,故障,こしょう,breakdown,故障,"hỏng, trục trặc"
0154,国会,こっかい,"the Diet, national assembly",国会,quốc hội
0155,小包,こづつみ,package,小包裹,"bưu kiện, bưu phẩm"
0156,粉,こな,"powder, flour",粉,bột
0157,ごぶさた,,not keeping in touch,好久不见,"lâu lắm mới gặp, lâu lắm mới liên lạc"
0158,コミュニケーション,,communication,交流,sự giao tiếp
0159,ゴム,,"rubber, elastic",橡胶,cao su
0160,小麦,こむぎ,wheat,小麦,lúa mì
0161,コンクール,,contest,竞赛，比赛,cuộc thi
0162,コンクリート,,concrete,混凝土,bê tông
0163,サービス,,service,服务,dịch vụ
0164,最高,さいこう,highest,最高，最好，最杰出,"cao nhất, tuyệt vời nhất"
0165,最大,さいだい,biggest,最大,"to nhất, lớn nhất"
0166,最低,さいてい,lowest,最低，最差,"thấp nhất, tồi tệ nhất"
0167,裁判,さいばん,trial,审判,sự xét xử
0168,材料,ざいりょう,"ingredients, material",材料,nguyên liệu
0169,サイレン,,siren,警笛,"còi, còi báo động"
0170,サイン,,"sign, signature",签名,chữ kí
0171,作業,さぎょう,"work, operation",作业，工作,"công việc, thao tác"
0172,作品,さくひん,"work of art, production",作品,tác phẩm
0173,撮影,さつえい,"filming, shooting",摄影,"quay phim, chụp ảnh"
0174,騒ぎ,さわぎ,"commotion, disturbance",骚乱，喧闹,"sự làm ồn, sự ồn ào"
0175,参加,さんか,participation,参加,tham gia
0176,産業,さんぎょう,industry,产业,ngành nghề
0177,残業,ざんぎょう,overtime,加班,"làm thêm giờ, tăng ca"
0178,参考,さんこう,"reference, consultation",参考,tham khảo
0179,賛成,さんせい,"approval, agreement",赞成,"tán thành, đồng ý"
0180,産地,さんち,producing area,产地,"nơi sản xuất, nơi thu hoạch"
0181,資源,しげん,natural resource(s),资源,tài nguyên
0182,事件,じけん,"incident, happening, case",事件，案件,"sự việc, vụ việc"
0183,指示,しじ,"instruction, direction",指示，吩咐,"chỉ thị, chỉ định"
0184,事実,じじつ,"truth, facts",事实,sự thật
0185,事情,じじょう,"circumstances, conditions",缘故，缘由，情况,"lý do riêng, hoàn cảnh"
0186,自信,じしん,confidence,自信,tự tin
0187,時速,じそく,speed per hour,时速,vận tốc
0188,支度,したく,preparation,准备,"sự chuẩn bị, sửa soạn"
0189,失業,しつぎょう,unemployment,失业,thất nghiệp
0190,実際,じっさい,"reality, actual situation",实际，现实,thực tế
0191,実力,じつりょく,(real) ability,实力,thực lực
0192,支店,してん,branch (store or office),分店,chi nhánh
0193,指導,しどう,"guidance, leadership",指导，指点,"hướng dẫn, chỉ đạo"
0194,事務,じむ,office work,事务，办公,văn phòng
0195,締め切り,しめきり,deadline,截止,"hạn, hạn nộp"
0196,じゃま,,"obstacle, hindrance",打扰,"vướng, vướng víu, phiền hà"
0197,じゃんけん,,"the game of “stone, paper, scissors”",猜拳,oẳn tù tì
0198,集会,しゅうかい,"meeting, gathering",集会,"tập hợp, tập trung, mít tinh"
0199,宗教,しゅうきょう,religion,宗教,tôn giáo
0200,集合,しゅうごう,gathering,集合,"tập hợp, tập trung"
0201,就職,しゅうしょく,getting a job,就职,"tìm việc, xin việc"
0202,集中,しゅうちゅう,concentration,集中,tập trung
0203,充電,じゅうでん,charging (electricity),充电,sạc điện
0204,修理,しゅうり,repair,修理,"chỉnh lí, sửa chữa"
0205,主義,しゅぎ,"principle, doctrine",主义，主张,"chủ nghĩa, trường phái"
0206,縮小,しゅくしょう,"reduction, decrease",缩小,"sự lén lại, co nhỏ lại"
0207,受信,じゅしん,"reception, receiving",收件,sự tiếp nhận tín hiệu
0208,出勤,しゅっきん,attendance (at work),上班,sự đi làm
0209,出場,しゅつじょう,"participation (in a game, competition, etc.)",出场，上场,"trình diễn, ra mắt, tham dự"
0210,出張,しゅっちょう,business trip,出差,"công tác, kinh doanh"
0211,種類,しゅるい,"kind, type, variety",种类,"chủng loại, đồng loại"
0212,順序,じゅんじょ,"order, sequence",顺序,"theo thứ tự, thứ bậc"
0213,順番,じゅんばん,"turn, order",顺序,"hứ tự, lần lượt"
0214,使用,しよう,"use, employment",使用,"sử dụng, tận dụng"
0215,商業,しょうぎょう,"commerce, trade",商业,"buôn bán, thương mại"
0216,条件,じょうけん,"condition, terms",条件,"điều kiện, điều khoản"
0217,常識,じょうしき,common sense,常识,kiến thức thông thường
0218,招待,しょうたい,invitation,招待，邀请,buổi chiêu đãi phải mời
0219,状態,じょうたい,"condition, state",状态,trạng thái
0220,冗談,じょうだん,joke,笑话，玩笑,"tròi đùa, nói đùa"
0221,承知,しょうち,"consent, agreement",明白，知道,"chấp nhận, đồng ý, biết rõ"
0222,商品,しょうひん,"merchandise, goods",商品,"hàng hóa, sản phẩm"
0223,情報,じょうほう,information,消息，信息,"thông tin, tin tức"
0224,証明書,しょうめいしょ,"certificate, diploma, transcript",证明，证书,"chứng minh thư, chứng chỉ, giấy chứng nhận"
0225,正面,しょうめん,the front,正面，对面,"chính diện, mặt chính, mặt tiền"
0226,職場,しょくば,workplace,工作单位,nơi làm việc
0227,ショック,,shock,打击,"sốc, bất ngờ, sửng sốt"
0228,署名,しょめい,"sign, signature",签名,"bí danh chữ kí, đề tên"
0229,書類,しょるい,document,文件,"hồ sơ, tài liệu, giấy tờ"
0230,私立,しりつ/わたくしりつ,private,私立,tư lập
0231,資料,しりょう,"materials, data",资料,"tài liệu, tư liệu"
0232,印,しるし,mark,记号,"dấu, dấu hiệu, biểu tượng"
0233,シングル,,single,单人，单个,"đơn lẻ, độc thân, đĩa đơn"
0234,人生,じんせい,life,人生,"nhân sinh, cuộc sống, cuộc đời"
0235,進歩,しんぽ,progress,进步,"tiến bộ, tiên tiến"
0236,信用,しんよう,"trust, confidence",相信，信任,"lòng tin, tin tưởng, trung thành"
0237,心理,しんり,mental/psychological state,心理,tâm lý
0238,スケジュール,,schedule,日程,"lịch trình, thời khóa biểu"
0239,スタイル,,"style, figure",风格，身材,"thân hình, kiểu cách, loại"
0240,スピーチ,,speech,演讲，发言,"bài văn, diễn thuyết"
0241,すり,,pickpocket,扒手,trộm móc túi
0242,制限,せいげん,limit,限制,hạn chế
0243,成功,せいこう,success,成功,thành công
0244,生産,せいさん,production,生产,"sinh sản, sản suất"
0245,政治,せいじ,politics,政治,chính trị
0246,性質,せいしつ,"nature, property, capacity",性质,"tính chất, tính cách"
0247,製造,せいぞう,"manufacture, production",制造,"chế tạo, sản suất"
0248,成長,せいちょう,"growth, development",增长,"trưởng thành, tăng trưởng"
0249,制度,せいど,system,制度,chế độ
0250,政党,せいとう,political party,政党,"chính đảng, đảng"
0251,製品,せいひん,manufactured goods,产品,hàng hóa thành phẩm
0252,政府,せいふ,government,政府,chính phủ
0253,西洋,せいよう,the West,西方,phương tây
0254,整理,せいり,"putting in order, sorting out",整理,"chỉnh lý, sắp xếp"
0255,セーフ,,safe,安全，实现目标,an toàn
0256,セール（バーゲンセール）,,sale,促销,"bán hàng, giảm giá"
0257,石炭,せきたん,coal,煤炭,than đá
0258,責任,せきにん,"responsibility, fault",责任,trách nhiệm
0259,石油,せきゆ,oil,石油,dầu mỏ
0260,選挙,せんきょ,election,选举,bầu cử
0261,前進,ぜんしん,advance,前进,"tiến lên, đi lên, tiến tới"
0262,全体,ぜんたい,"whole, entire",全体，整体,"toàn bộ, toàn thể"
0263,宣伝,せんでん,"publicity, advertisement",宣传,tuyên truyền
0264,全力,ぜんりょく,"all one’s power, all one’s might",全力,"toàn lực, dốc hết sức"
0265,増加,ぞうか,increase,增加,"tăng, gia tăng, tăng lên"
0266,葬式,そうしき,funeral,葬礼,"đám tang, tang lễ, đám ma"
0267,送信,そうしん,"send, transmission",发送,gửi
0268,想像,そうぞう,imagination,想象,"tưởng tượng, hình dung"
0269,送別会,そうべつかい,farewell party,欢送会,tiệc chia tay
0270,速達,そくたつ,express delivery,快递,gửi chuyển phát nhanh
0271,外側,そとがわ,outside,外侧,"phía ngoài, bên ngoài"
0272,その他,そのた/そのほか,"etc., and others",其他，此外,"ngoài ra, ngoài"
0273,尊敬,そんけい,respect,尊敬,"tôn kính, kính trọng"
0274,対,たい,to,对，对比，对立,với
0275,台,だい,stand,台，座,"kệ, giá đỡ"
0276,題,だい,"title, subect",题目,"chủ đề, đầu đề, tiêu đề"
0277,大会,たいかい,"tournament, meet",大会,đại hội
0278,体操,たいそう,"gynamastics, physical exercise",体操,"thể dục, vận động"
0279,態度,たいど,"attitude, manner",态度,thái độ
0280,タイトル,,title,标题,"tiêu đề, đầu đề"
0281,代表,だいひょう,representative,代表,"đại biểu, đại diện"
0282,大部分,だいぶぶん,"most, majority",大部分,đại bộ phận
0283,逮捕,たいほ,arrest,逮捕,bắt giữ
0284,題名,だいめい,title,题目,"tên, đầu đề"
0285,ダウンロード,,download,下载,"tải về, tải"
0286,頼み,たのみ,"request, favor",请求,"nhờ vả, yêu cầu, thỉnh cầu"
0287,ダブル,,double,双,"phòng đôi, đôi, gấp đôi"
0288,玉,たま,ball,球,bóng
0289,担当,たんとう,charge,负责,"phụ trách, đảm nhiệm"
0290,チェック,,check,核对,kiểm tra
0291,チェックアウト,,check out,退房,trả phòng khách sạn
0292,チェックイン,,check in,登记（入住），登机,"vào (thủ tục vào khách sạn, thủ tục lên máy bay)"
0293,違い,ちがい,difference,差别,sự khác biệt
0294,チャンス,,chance,机会,cơ hội
0295,注目,ちゅうもく,"paying attention, focus",关注，关心,quan tâm
0296,注文,ちゅうもん,order,订货，要求，点菜,"đặt hàng, gọi món"
0297,朝刊,ちょうかん,morning paper,早报,báo buổi sáng
0298,調査,ちょうさ,"investigation, survey",调查,điều tra
0299,調子,ちょうし,condition,情况,"tình hình, tình trạng"
0300,ツアー,,tour,旅行,"tua, chuyến đi"
0301,追加,ついか,addition,追加，补充,thêm
0302,ツイン,,twin,成对，成双,"đôi, phòng đôi, sinh đôi"
0303,通勤,つうきん,commuting,上下班,đi làm
0304,通知,つうち,notification,通知,thông báo
0305,通話,つうわ,telephone call,通话,nói chuyện điện thoại
0306,都合,つごう,convenience,状况，缘故，安排,"điều kiện, thời gian"
0307,続き,つづき,"continuation, sequel",继续，连续,"tiếp tục, phần tiếp theo"
0308,勤め,つとめ,work,工作,"làm việc, đi làm"
0309,定員,ていいん,"fixed number, capacity",规定的人数,số người cho phép
0310,低下,ていか,"fall, decline",低下，下降,giảm sút
0311,提出,ていしゅつ,submission,提出，提交,nộp
0312,程度,ていど,degree,程度,mức độ
0313,テーマ,,"theme, subject",主题,chủ đề
0314,出来事,できごと,"happening, incident",发生的事情,"việc, sự việc"
0315,デザイン,,design,设计,thiết kế
0316,デジタル,,digital,电子的，数字的,điện tử
0317,鉄,てつ,iron,铁,sắt
0318,手作り,てづくり,"handmade, homemade",手工,"tự tay làm, làm bằng tay"
0319,手伝い,てつだい,"help, assistance",帮忙,giúp đỡ
0320,手続き,てつづき,"procedure, formalities",手续,thủ tục
0321,出迎え,でむかえ,meeting,迎接,đón
0322,点,てん,point,点,điểm
0323,電源,でんげん,electric power source,电源,"nguồn điện, nguồn"
0324,伝言,でんごん,message,传话，带口信,lời nhắn
0325,伝統,でんとう,tradition,传统,truyền thống
0326,電波,でんぱ,electronic/radio waves,电波，信号,sóng
0327,銅,どう,"copper, bronze",铜,đồng
0328,当然,とうぜん,"naturally, of course",理所应当,đương nhiên
0329,投票,とうひょう,"ballot, voting",投票,bỏ phiếu
0330,特色,とくしょく,distinctive feature,特色,đặc sắc
0331,特徴,とくちょう,"characteristic, feature",特征,"đặc điểm, đặc trưng"
0332,ところどころ,,here and there,到处,"các chỗ, chỗ này chỗ kia"
0333,途中,とちゅう,"on the way, en route",途中,"giữa chừng, trên đường"
0334,トップ,,"top, first",最好，首位,cao nhất
0335,届け,とどけ,written notice/notification,申请,"đơn xin, đơn"
0336,努力,どりょく,effort,努力,"nỗ lực, cố gắng"
0337,トレーニング,,training,训练，锻炼,"luyện tập, huấn luyện"
0338,内容,ないよう,content(s),内容,nội dung
0339,ナイロン,,nylon,锦纶,ni lông
0340,何々,なになに,blah-blah-blah,什么什么,"gì đó, ..."
0341,生,なま,"fresh, raw",生的,"sống, tươi, tươi sống"
0342,偽物,にせもの,fake,假货,"đồ giả, hàng giả"
0343,入場,にゅうじょう,"entrance, admission",进场,"vào hội trường, vào sân"
0344,人気,にんき,popular,人气,"ưa chuộng, yêu thích"
0345,ネット（インターネット）,,net (Internet),互联网,internet
0346,寝坊,ねぼう,oversleeping,睡懒觉,ngủ dậy muộn
0347,年賀状,ねんがじょう,New Year’s card,新年贺卡,thiệp chúc mừng năm mới
0348,農業,のうぎょう,"agriculture, farming",农业,nông nghiệp
0349,能率,のうりつ,efficiency,效率,"năng suất, hiệu quả"
0350,ノック,,knock,敲,gõ cửa
0351,配達,はいたつ,delivery,投递，配送,"phân phối, phát, chuyển đến"
0352,拍手,はくしゅ,"clapping, applause",拍手，鼓掌,vỗ tay
0353,パスポート,,passport,护照,hộ chiếu
0354,パスワード,,password,密码,mật khẩu
0355,旗,はた,flag,旗子,"cờ, lá cờ"
0356,発見,はっけん,discovery,发现,"tìm ra, phát hiện"
0357,発言,はつげん,"speech, remark",发言,phát biểu
0358,発行,はっこう,publication,发行,phát hành
0359,発生,はっせい,occurrence,发生,"phát sinh, xảy ra"
0360,発達,はったつ,"development, progress",发育，增大，进步,phát triển
0361,発売,はつばい,"putting on sale, release",发售,"bày bán, tung ra thị trường"
0362,発表,はっぴょう,"announcement, presentation",发表，宣布,"phát biểu, thông báo"
0363,発明,はつめい,invention,发明,"phát minh, sáng tạo ra"
0364,幅,はば,width,幅度,"bề ngang, độ rộng"
0365,場面,ばめん,scene,场景,"cảnh, tình huống"
0366,早起き,はやおき,getting up early,早起,dậy sớm
0367,犯罪,はんざい,crime,犯罪,"tội phạm, tội"
0368,反省,はんせい,reflection,反省,"kiểm điểm, nhận thức lại bản thân"
0369,判断,はんだん,"judgement, decision",判断,phán đoán
0370,犯人,はんにん,criminal,犯人,"tên tội phạm, tội phạm"
0371,日当たり,ひあたり,"sunny, sunshine",日照,ánh sáng
0372,日帰り,ひがえり,day trip,当天往返,đi về trong ngày
0373,比較,ひかく,comparison,比较,so sánh
0374,久しぶり,ひさしぶり,after a long time,很久不见,lâu lắm mới...
0375,引っ越し,ひっこし,moving (house),搬家,chuyển nhà
0376,一人一人,ひとりひとり,one by one,每人,từng người một
0377,ビニール,,"vinyl, plastic",塑料，乙烯,túi nilon
0378,秘密,ひみつ,secret,秘密,bí mật
0379,表紙,ひょうし,book cover,封面,bìa
0380,標準,ひょうじゅん,standard,标准,tiêu chuẩn
0381,評判,ひょうばん,reputation,评价,"đánh giá, bình phẩm"
0382,表面,ひょうめん,surface,表面,bề mặt
0383,昼寝,ひるね,afternoon nap,午觉,ngủ trưa
0384,ヒント,,hint,提示,"hướng dẫn, gợi ý"
0385,不足,ふそく,"insufficiency, shortage",不足,"thiếu, không đủ"
0386,部分,ぶぶん,part,部分,bộ phận
0387,プラスチック,,plastic,塑料,nhựa
0388,プリント,,"print, handout",打印,"in, in ấn"
0389,ふるさと,,hometown,故乡,"quê, quê hương"
0390,ブログ,,blog,博客,"trang cá nhân, blog"
0391,プログラム,,program,节目,chương trình
0392,プロポーズ,,propose,求婚,cầu hôn
0393,雰囲気,ふんいき,atmosphere,气氛,bầu không khí
0394,平均,へいきん,average,平均,bình quân
0395,別々,べつべつ,"separately, apart",分别,"riêng biệt, riêng"
0396,変化,へんか,"change, variation",变化,thay đổi
0397,変更,へんこう,"change, alteration",变更，更改,"thay đổi, đổi"
0398,返信,へんしん,reply,回信,"trả lời, hồi âm"
0399,ポインター,,"pointer, cursor",光标,con trỏ chuột
0400,貿易,ぼうえき,trade,贸易,"ngoại thương, thương mại"
0401,方言,ほうげん,dialect,方言,iếng địa phương
0402,報告,ほうこく,report,报告,báo cáo
0403,防止,ぼうし,prevention,防止，预防,"đề phòng, phòng, ngăn"
0404,忘年会,ぼうねんかい,year-end party,忘年会，年终联欢会,tiệc cuối năm
0405,方法,ほうほう,method,方法,"phương pháp, cách"
0406,訪問,ほうもん,visit,拜访,"thăm hỏi, đến thăm"
0407,法律,ほうりつ,law,法律,"pháp luật, luật pháp"
0408,ホームシック,,homesickness,思乡,nhớ nhà
0409,ホームステイ,,homestay,寄宿（外国）家庭,ở cùng nhà người bản xứ (homestay)
0410,ホームページ,,homepage,主页,trang web
0411,募集,ぼしゅう,recruitment,募集，招募,tuyển
0412,ポスター,,poster,海报,áp phích
0413,保存,ほぞん,"preservation, storing",保存,"bảo quản, lưu"
0414,ボランティア,,volunteer,志愿者,tình nguyện
0415,本社,ほんしゃ,"head office, headquarters",总公司,trụ sở chính
0416,本物,ほんもの,real thing,真货,"đồ thật, hàng thật"
0417,翻訳,ほんやく,translation,翻译,dịch thuật
0418,マーク,,mark,（做）记号,đánh dấu
0419,待ち合わせ,まちあわせ,meeting (by appointment),碰头,hẹn gặp
0420,マナーモード,,manner/silent mode,静音模式,chế độ im lặng
0421,マニュアル,,manual,指南，手册,sách hướng dẫn
0422,まね,,"mimicry, imitation",模仿,bắt chước
0423,満員,まんいん,packed with people,满员,"đông người, chật kín người"
0424,ミス,,"mistake, error",错误，失误,lỗi
0425,民主主義,みんしゅしゅぎ,democracy,民主主义,chủ nghĩa dân chủ
0426,夢中,むちゅう,"infatuation, absorbtion",沉迷,"say sưa, say mê, mê mẩn"
0427,名所,めいしょ,"famous place, place of interest",名胜，胜地,"thắng cảnh, địa danh nổi tiếng"
0428,名物,めいぶつ,local speciality,名产,sản vật
0429,命令,めいれい,"order, command",命令,"mệnh lệnh, chỉ thị"
0430,メールアドレス,,e-mail address,邮件地址,địa chỉ e-mail
0431,メダル,,medal,奖牌,huy chương
0432,メモ,,memo,笔记,ghi nhớ
0433,免許,めんきょ,license,许可,"giấy cấp phép, giấy phép"
0434,面接,めんせつ,interview,面试,phỏng vấn
0435,申し込み,もうしこみ,application,申请，报名,đăng ký
0436,目次,もくじ,table of contents,目录,mục lục
0437,目的,もくてき,"purpose, aim",目的,mục đích
0438,持ち物,もちもの,belongings,行李，携带物品,"vật dụng mang theo, đồ mang theo"
0439,物語,ものがたり,story,故事,câu chuyện
0440,模様,もよう,pattern,图案,"hoạ tiết, hoa văn"
0441,約,やく,about,大约,khoảng
0442,勇気,ゆうき,courage,勇气,"dũng khí, can đảm, mạnh dạn"
0443,優勝,ゆうしょう,championship,冠军，获胜,vô địch
0444,友情,ゆうじょう,friendship,友情,tình bạn
0445,郵便,ゆうびん,"postal service, mail",邮政,đường bưu điện
0446,要求,ようきゅう,"request, demand",要求,"yêu cầu, đề nghị"
0447,用紙,ようし,"form, paper",规定用纸,giấy
0448,様子,ようす,appearance,样子,"tình hình, tình trạng, bộ mặt"
0449,予想,よそう,"expectation, anticipation",预测,"dự đoán, đoán"
0450,予報,よほう,forecast,预报,dự báo
0451,来日,らいにち,visit to Japan,来日本,"sang nhật, đến nhật"
0452,理解,りかい,understanding,领会，了解,hiểu
0453,リズム,,rhythm,节拍,nhịp điệu
0454,理想,りそう,ideal,理想,lý tưởng
0455,流行,りゅうこう,fashion,流行,"lưu hành, thịnh hành, mốt"
0456,量,りょう,amount,量,"lượng, sản lượng"
0457,両側,りょうがわ,both sides,两侧,hai bên
0458,旅券,りょけん,passport,护照,hộ chiếu
0459,ルール,,rule,规则,"quy định, quy tắc"
0460,留守番,るすばん,looking after a house (when someone is away),看家,trông nhà
0461,例,れい,example,例子,ví dụ
0462,例外,れいがい,exception,例外,ngoại lệ
0463,列,れつ,"line, queue",列,hàng
0464,レベル,,level,等级，水平,"mức độ, mức, đẳng cấp"
0465,恋愛,れんあい,romantic love,恋爱,"yêu, tình yêu"
0466,連続,れんぞく,"succession, continuation",连续,liên tiếp
0467,労働,ろうどう,"labor, work",劳动，工作,"lao động, việc đi làm"
0468,録音,ろくおん,(sound) recording,录音,ghi âm
0469,録画,ろくが,(picture) recording,录像,ghi hình
0470,ロッカー,,locker,存放柜,tủ để đồ
0471,話題,わだい,topic (of conversation),话题,"chủ đề câu chuyện, chủ đề bàn tán"
0472,割合,わりあい,"ratio, percentage",比例,tỷ lệ
0473,悪口,わるくち,"abuse, bad-mouthing (somebody)",坏话,nói xấu
0474,辺り,あたり,"neighborhood, vicinty",附近,vùng
0475,位置,いち,location,位置,vị trí
0476,市場,いちば,market,市场,chợ
0477,田舎,いなか,countryside,乡下，农村,"quê, vùng quê, miền quê"
0478,奥,おく,"inner part, back",里面,"bên trong, sâu trong"
0479,オフィス,,office,办公室,văn phòng
0480,海外,かいがい,overseas,海外,nước ngoài
0481,カウンター,,counter,前台，柜台,quầy
0482,ガソリンスタンド,,gas/petrol station,加油站,cây xăng
0483,看板,かんばん,signboard,广告牌,"bảng, biển hiệu"
0484,喫煙所,きつえんじょ,smoking area,吸烟室,"nơi hút thuốc, nơi được phép hút thuốc"
0485,喫茶店,きっさてん,"tearoom, coffee shop",咖啡店,"quán nước, quán giải khát"
0486,グラウンド,,ground (sports ground),操场,sân vận động
0487,警察署,けいさつしょ,police station,派出所,sở cảnh sát
0488,掲示板,けいじばん,bulletin/notice board,布告栏,bảng thông báo
0489,劇場,げきじょう,theater,剧场,"nhà hát kịch, nhà hát"
0490,コインランドリー,,"Laundromat, launderette",投币式洗衣房,máy giặt công cộng
0491,郊外,こうがい,suburbs,郊外,ngoại ô
0492,公衆トイレ,こうしゅうトイレ,public restroom/lavatory,公共厕所,nhà vệ sinh công cộng
0493,混雑,こんざつ,congestion,混乱，拥挤,"hỗn tạp, đông đúc, đông"
0494,コンビニ,,convenience store,便利店,cửa hàng tiện lợi
0495,裁判所,さいばんしょ,"courthouse, court",法院,toà án
0496,坂,さか,hill,坡道,"con dốc, đường đốc"
0497,左右,さゆう,right and left,左右,"trái phải, hai bên, các phía"
0498,自動販売機,じどうはんばいき,automatic vending machine,自动售货机,máy bán hàng tự động
0499,州,しゅう,state,州,"châu, bang"
0500,周囲,しゅうい,circumference,周围，周长,"xung quanh, chu vi"
0501,首都,しゅと,capital,首都,thủ đô
0502,商店,しょうてん,"store, shop",商店,cửa hàng
0503,商店街,しょうてんがい,shopping street/district,商业街,phố mua sắm
0504,消防署,しょうぼうしょ,"firehouse, fire station",消防局,cục phòng cháy
0505,書店,しょてん,"bookstore, bookshop",书店,cửa hàng sách
0506,城,しろ,castle,城堡,lâu đài
0507,隅,すみ,corner,角落,góc
0508,税関,ぜいかん,customs,海关,thuể quan
0509,席,せき,seat,座位,ghế
0510,前後,ぜんご,"front and back, before and after",前后,"gần, khoảng, trước sau"
0511,全国,ぜんこく,whole country,全国,toàn quốc
0512,センター,,center,中心,trung tâm
0513,団地,だんち,housing complex/estate,小区,"khu, vùng"
0514,地域,ちいき,area,地区,khu vực
0515,地下,ちか,"underground, basement",地下,"dưới lòng đất, tầng hầm"
0516,地方,ちほう,"region, district, provinces",地区,địa phương
0517,地名,ちめい,place name,地名,tên địa danh
0518,中央,ちゅうおう,center,中央,"trung ương, trung tâm"
0519,中心,ちゅうしん,"center, focus, loading, major, primary",中心,trung tâm
0520,突き当たり,つきあたり,"at the end of (the street, road, hall, etc.)",尽头,cuối đường
0521,出入口,でいりぐち,doorway,出入口,cửa ra vào
0522,手前,てまえ,"this side, just before",靠近自己这边,phía trước mặt
0523,電柱,でんちゅう,telegraph pole,电线杆,cột điện
0524,都会,とかい,"city, urban area",城市,"thành phố, đô hội"
0525,床屋,とこや,"barber shop, barber’s",理发店,tiệm cắt tóc
0526,都市,とし,city,城市,thành thị
0527,土地,とち,"land, region",土地,đất đai
0528,斜め,ななめ,"slant, diagonal",斜,"chếch, chéo"
0529,バー,,bar,酒吧,quán bar
0530,売店,ばいてん,"stand, kiosk",小卖店,cửa hàng
0531,墓,はか,grave,坟墓,mộ
0532,博物館,はくぶつかん,museum,博物馆,bảo tàng
0533,非常口,ひじょうぐち,emergency exit,安全出口,cửa thoát hiểm
0534,広場,ひろば,"open space, square",广场,quảng trường
0535,フロント,,front/reception desk,前台,quầy lễ tân
0536,ベンチ,,bench,长椅,ghế dài
0537,方角,ほうがく,"direction, way",方位,"phương hướng, phương giác"
0538,方向,ほうこう,"direction, course",方向,"phương hướng, phía"
0539,方面,ほうめん,"area, vicinity",方面，那一带,"phía, hướng"
0540,ホール,,hall,大厅,"phòng lớn, hội trường lớn"
0541,待合室,まちあいしつ,waiting room,候诊室，候车室,phòng chờ
0542,窓口,まどぐち,"service window, counter",窗口,quầy giao dịch
0543,周り,まわり,around,周围,xung quanh
0544,マンション,,"condominium, large apartment/flat",高级公寓,chung cư
0545,向かい,むかい,the opposite side,对面,đối diện
0546,向き,むき,direction,方向,hướng
0547,役所,やくしょ,government office,机关,ủy ban hành chính
0548,薬局,やっきょく,"pharmacy, chemist’s",药店,hiệu thuốc
0549,遊園地,ゆうえんち,"amusement park, fun fair",游乐园,"khu vui chơi, công viên"
0550,旅館,りょかん,Japanese-style inn,旅馆,khách sạn kiểu nhật
0551,ロビー,,lobby,大厅,sảnh
0552,網棚,あみだな,luggage rack,网状置物架,giá để hành lý
0553,移動,いどう,"movement, travel",移动,"di chuyển, dịch chuyển"
0554,運転免許,うんてんめんきょ,driver’s license,驾驶证,bằng lái xe
0555,エンジン,,engine,引擎,động cơ máy móc
0556,横断,おうだん,crossing,横穿,băng qua
0557,往復,おうふく,"round trip, return",往返,khứ hồi
0558,改札,かいさつ,"examination of tickets, ticket gate",检票,"soát vé, cửa soát vé"
0559,回数券,かいすうけん,coupon ticket,回数车票,vé dùng nhiều lần
0560,片道,かたみち,one way,单程,một chiều
0561,救急車,きゅうきゅうしゃ,ambulance,救护车,xe cấp cứu
0562,下り,くだり,"descent, going down",首都到地方，下行,xuống về xuôi
0563,経由,けいゆ,via,经过,quá cảnh
0564,航空機,こうくうき,"aircraft, airplane",飞机,máy bay
0565,高速道路,こうそくどうろ,"freeway, motorway",高速公路,đường cao tốc
0566,交通機関,こうつうきかん,means of transportation,交通机关,phương tiện giao thông
0567,交通事故,こうつうじこ,traffic accident,交通事故,tai nạn giao thông
0568,座席,ざせき,seat,座位,chỗ ngồi
0569,シートベルト,,seatbelt,安全带,dây an toàn
0570,時刻表,じこくひょう,timetable,时刻表,bảng giờ
0571,私鉄,してつ,private railroad/railway,私营铁路,đường sắt tư nhân
0572,車庫,しゃこ,"garage, depot",车库,bãi để xe
0573,渋滞,じゅうたい,traffic congestion,堵车,tắc đường
0574,乗車券,じょうしゃけん,train/bus ticket,车票,vé xe
0575,新幹線,しんかんせん,"the Shinkansen, bullet train",新干线,tàu siêu tốc
0576,ストップ,,stop,刹车,dừng
0577,スピード,,speed,速度,tốc độ
0578,速度,そくど,speed,速度,tốc độ
0579,タイヤ,,tire,轮胎,bánh xe
0580,近道,ちかみち,shortcut,（抄）近路,đường tắt
0581,駐車,ちゅうしゃ,parking,停车,sự đỗ xe
0582,通過,つうか,passing,通过,"vượt qua, đi qua"
0583,つり革,つりかわ,hanging strap,把手,dây bám bằng da
0584,定期券,ていきけん,commuter pass,定期车票,vé tháng
0585,大通り,おおどおり,main/high street,大道,đường lớn
0586,歩道橋,ほどうきょう,footbridge,人行天桥,cầu đi bộ
0587,トンネル,,tunnel,隧道,đường hầm
0588,信号,しんごう,"signal, traffic lights",信号灯,đèn tín hiệu
0589,横断歩道,おうだんほどう,pedestrian crossing,斑马线,vạch qua đường cho người đi bộ
0590,交差点,こうさてん,intersection,十字路口,"điểm giao nhau, ngã tư"
0591,歩道,ほどう,"sidewalk, pavement",人行道,đường đi bộ
0592,バス停,バスてい,bus stop,公交车站,bến xe buýt
0593,線路,せんろ,railroad/railway track,轨道,đường tàu
0594,踏切,ふみきり,railroad/level crossing,道口,rào chắn tàu
0595,停車,ていしゃ,"(car, train) stopping",停车,"sự dừng tàu, xe"
0596,鉄道,てつどう,railroad/railway,铁路,đường sắt
0597,到着,とうちゃく,arrival,到达,đến nơi
0598,道路,どうろ,"road, street",道路,đường
0599,ドライブ,,"drive, motoring",驾车兜风,"lái xe, lái xe dã ngoại"
0600,ドライブイン,,pull-in/roadside restaurant,路边餐馆,trạm nghỉ
0601,ナンバー,,number,号码,số
0602,上り,のぼり,"ascent, going up",从地方到首都，上行,"đưa ra, lên , đi ngược (về phía bắc)"
0603,発車,はっしゃ,departure,发车,khởi hành
0604,パトカー,,patrol car,巡逻车,xe cảnh sát
0605,ハンドル,,"handle, steering wheel",方向盘,tay lái
0606,便,びん,flight,航班,chuyến
0607,ブレーキ,,brake,刹车,phanh
0608,ホーム（プラットホーム）,,platform,站台,sân ga
0609,行き,ゆき/いき,"going, bound for",去，前往,"hướng đi, đi"
0610,ラッシュ（ラッシュアワー）,,rush hour,高峰时间,giờ cao điểm
0611,レール,,rail,铁轨,đường ray
0612,ダンプ（ダンプカー）,,dump truck,翻斗车,xe ô tô địa hình
0613,トラック,,"truck, lorry",卡车,xe tải
0614,ヘリコプター,,helicopter,直升机,máy bay trực thăng
0615,ボート,,boat,舟，小船,ca nô
0616,モノレール,,monorail,单轨铁路,đường ray đơn
0617,ロケット,,rocket,火箭,tên lửa
0618,汗,あせ,sweat,汗,mồ hôi
0619,アレルギー,,allergy,过敏反应,dị ứng
0620,医院,いいん,"doctor’s office, surgery",医院,bệnh viện
0621,息,いき,"breath, breathing",气息,hơi thở
0622,居眠り,いねむり,doze,瞌睡,ngủ gật
0623,命,いのち,life,生命,tính mạng
0624,インフルエンザ,,influenza,流感,cảm cúm
0625,ウイルス,,virus,病毒,virus
0626,うがい,,gargle,漱口,súc miệng
0627,香り,かおり,"scent, smell",香味,mùi hương
0628,花粉症,かふんしょう,hay fever,花粉过敏,dị ứng phấn hoa
0629,髪の毛,かみのけ,hair (head),头发,tóc
0630,がん,,cancer,癌症,ung thư
0631,患者,かんじゃ,patient,患者,bệnh nhân
0632,傷,きず,"cut, scar, wound",伤口,"vết xước, sẹo"
0633,急病,きゅうびょう,急性病,sudden illness,ốm đột xuất
0634,禁煙,きんえん,stopping smoking,禁烟，戒烟,"cấm hút thuốc, không hút thuốc"
0635,禁止,きんし,prohibition,禁止,cấm
0636,くしゃみ,,sneezing,喷嚏,hắt hơi
0637,血圧,けつあつ,blood pressure,血压,huyết áp
0638,血液,けつえき,blood,血液,máu
0639,下痢,げり,diarrhea,腹泻,tiêu chảy
0640,健康,けんこう,health,健康,sức khỏe
0641,検査,けんさ,examination,检查,kiểm tra
0642,呼吸,こきゅう,breathing,呼吸,hô hấp
0643,骨折,こっせつ,"bone fracture, broken bone",骨折,gãy xương
0644,コンタクト（コンタクトレンズ）,,contact lens,隐形眼镜,kính áp tròng
0645,死亡,しぼう,death,死亡,tử vong
0646,手術,しゅじゅつ,operation,（做）手术,phẫu thuật
0647,出血,しゅっけつ,"bleed, bleeding",出血,xuất huyết
0648,症状,しょうじょう,symptoms,症状,bệnh tình
0649,消毒,しょうどく,"disinfection, sterilization",消毒,"khử độc, khử trùng"
0650,食中毒,しょくちゅうどく,food poisoning,食物中毒,ngộ độc thực phẩm
0651,食欲,しょくよく,appetite,食欲,sự thèm ăn
0652,白髪,しらが,gray hair,白发,tóc bạc
0653,神経,しんけい,nerve,神经,"hần kinh, tủy (răng)"
0654,診察,しんさつ,medical examination,诊断,khám bệnh
0655,診断書,しんだんしょ,medical certificate,诊断书,sổ khám bệnh
0656,身長,しんちょう,height,身高,chiều cao
0657,睡眠,すいみん,sleep,睡眠,ngủ
0658,頭痛,ずつう,headache,头痛,đau đầu
0659,ストレス,,stress,压力,sự căng thẳng
0660,せき,,cough,咳嗽,ho
0661,ダイエット,,diet,减肥,giảm béo
0662,体温,たいおん,body temperature,体温,nhiệt độ cơ thể
0663,体重,たいじゅう,body weight,体重,cân nặng
0664,体力,たいりょく,physical strength,体力，抵抗力,thể lực
0665,疲れ,つかれ,"tiredness, fatigue",疲劳,mệt
0666,長生き,ながいき,"longevity, long life",长寿,sự trường thọ
0667,涙,なみだ,"tear, eyewater",眼泪,nước mắt
0668,匂い/臭い,におい,smell,气味,mùi
0669,吐き気,はきけ,nausea,恶心，反胃,buồn nôn
0670,肌,はだ,skin,皮肤,da
0671,裸,はだか,"naked, nude",赤裸,khỏa thân
0672,眼科,がんか,ophthalmology,眼科,khoa mắt
0673,外科,げか,surgery,外科,khoa ngoại
0674,産婦人科,さんふじんか,obstetrics and gynecology,妇产科,khoa sản
0675,歯科,しか,dentistry,牙科,nha khoa
0676,耳鼻科,じびか,otolaryngology,耳鼻科,khoa tai mũi họng
0677,小児科,しょうにか,pediatrics,儿科,nhi khoa
0678,整形外科,せいけいげか,orthopedics,骨科,khoa chỉnh hình
0679,内科,ないか,internal medicine,内科,khoa nội
0680,皮膚科,ひふか,dermatology,皮肤科,khoa da liễu
0681,はだし,,bare feet,赤脚,chân đất
0682,腹,はら,"belly, stomach",肚子,bụng
0683,皮膚,ひふ,skin,皮肤,da
0684,副作用,ふくさよう,side effect,副作用,tác dụng phụ
0685,平熱,へいねつ,normal temperature,正常体温,nhiệt độ bình thường
0686,骨,ほね,bone,骨头,xương
0687,マスク,,mask,口罩,"khẩu trang, mặt nạ"
0688,虫歯,むしば,"bad tooth, cavity",蛀牙,răng sâu
0689,目薬,めぐすり,eye drops,眼药水,thuốc nhỏ mắt
0690,やけど,,"burn, scald",烫伤,bỏng
0691,予防,よぼう,prevention,预防,dự phòng
0692,レントゲン,,X-ray,X光,x-quang
0693,胸,むね,chest,胸部,ngực
0694,唇,くちびる,lip,嘴唇,môi
0695,舌,した,tongue,舌头,lưỡi
0696,おなか,,stomach,腹部,bụng
0697,爪,つめ,nail,指甲,móng
0698,尻,しり,backside,臀部,mông
0699,肩,かた,shoulder,肩部,vai
0700,腰,こし,"lower back, waist",腰部,hông
0701,肺,はい,lung,肺部,phổi
0702,胃,い,stomach,胃部,dạ dày
0703,心臓,しんぞう,heart,心脏,tim
0704,相手,あいて,"opponent, other party, partner",对手,"đối phương, đối thủ"
0705,委員,いいん,"member of a committee, delegate",委员,ủy viên
0706,医師,いし,doctor,医生,bác sỹ
0707,王,おう,king,君主，国王,vua
0708,王様,おうさま,king,国王,nhà vua
0709,おじさん,,middle-aged man,叔叔，中年男子,"chú, bác"
0710,お嬢さん,おじょうさん,"miss, young lady, an otherʼs daughter",姑娘，令爱，您的女儿,tiểu thư
0711,おばさん,,middle-aged woman,阿姨,"cô, bác"
0712,親子,おやこ,parent and child,亲子，父母和子女,"mẫu tử; phụ tử, cha mẹ và con"
0713,会員,かいいん,member,会员,hội viên
0714,ガイド,,guide,导游,hướng dẫn viên
0715,係り,かかり,person in charge,负责人,người phụ trách
0716,学歴,がくれき,educational background,学历,quá trình học tập
0717,方,かた,person,位,"ngài, vị, người"
0718,観客,かんきゃく,audience,观众,quan khách
0719,教授,きょうじゅ,professor,教授,"giảng viên, giáo sư"
0720,クラスメート,,classmate,同班同学,bạn cùng lớp
0721,グループ,,group,小组,nhóm
0722,恋人,こいびと,"boyfriend, girlfriend",恋人,người yêu
0723,コーチ,,coach,教练,huấn luyện viên
0724,国王,こくおう,king,国王,quốc vương
0725,国籍,こくせき,nationality,国籍,quốc tịch
0726,国民,こくみん,"nation, people",国民,quốc dân
0727,個人,こじん,individual,个人,cá nhân
0728,個性,こせい,"individuality, personality",个性,"cá tính, tính cách"
0729,才能,さいのう,"talent, ability",才能,tài năng
0730,作者,さくしゃ,"writer, author, artist",作者,tác giả
0731,作家,さっか,"writer, author, artist",作家,nhà văn
0732,サラリーマン,,salaried worker,工薪族,"nhân viên văn phòng, viên chức"
0733,司会,しかい,moderator,司仪，主持人，主持,chủ trì
0734,資格,しかく,qualification,资格,tư cách
0735,氏名,しめい,full name,姓名,họ tên
0736,社員,しゃいん,company employee,公司员工,nhân viên
0737,住民,じゅうみん,"resident, inhabitant",居民,dân cư
0738,首相,しゅしょう,prime minister,首相,thủ tướng
0739,出身,しゅっしん,"one’s birth place, school one graduated from",出生，毕业,"xuất thân, tốt nghiệp"
0740,主婦,しゅふ,housewife,主妇,người nội trợ
0741,少女,しょうじょ,young girl,少女,"thiếu nữ, cô bé"
0742,少年,しょうねん,young boy,少年,thiếu niên
0743,女王,じょおう,queen,女王,"hoàng hậu, nữ hoàng"
0744,職業,しょくぎょう,"occupation, profession",职业,nghề nghiệp
0745,女子,じょし,"woman, girl",女子,nữ
0746,親戚,しんせき,relative,亲戚,họ hàng
0747,親友,しんゆう,close friends,挚友,bạn thân
0748,スター,,star,明星,ngôi sao
0749,姓,せい,family name,姓,họ (gia đình)
0750,性格,せいかく,"character, personality",性格,tính cách
0751,成人,せいじん,adult,成人,người trưởng thành
0752,青年,せいねん,"youth, adolescent",青年,thanh niên
0753,生年月日,せいねんがっぴ,date of birth,出生年月日,ngày tháng năm sinh
0754,性別,せいべつ,gender,性别,giới tính
0755,全員,ぜんいん,all the members,全员,tất cả mọi người
0756,選手,せんしゅ,"player, athlete",选手,tuyển thủ
0757,総理大臣,そうりだいじん,prime minister,首相,thủ tướng
0758,大臣,だいじん,minister,大臣,bộ trưởng
0759,大統領,だいとうりょう,president,总统,tổng thống
0760,他人,たにん,other people,他人,người khác
0761,タレント,,"radio or TV talent, TV personality",艺人,"tài năng, người nổi tiếng"
0762,男子,だんし,"boy, man",男子,nam
0763,短所,たんしょ,"weak point, shortcoming",短处，缺点,"sở đoản,nhược điểm"
0764,団体,だんたい,"group, party, team",团体，集体,đoàn thể
0765,チーム,,team,队，组,đội
0766,中年,ちゅうねん,middle aged,中年,trung niên
0767,長所,ちょうしょ,strong/good point,长处，优点,sở trường
0768,天才,てんさい,genius,天才,thiên tài
0769,天皇,てんのう,emperor,天皇,thiên hoàng
0770,当番,とうばん,turn of duty,值日,"ượt, phiên"
0771,特技,とくぎ,special skill/talent,特长,kỹ năng đặc biệt
0772,独身,どくしん,single,单身,độc thân
0773,年上,としうえ,older,年长,lớn tuổi hơn
0774,年下,としした,younger,年轻,ít tuổi hơn
0775,年寄り,としより,old person,老年人,người cao tuổi
0776,ドライバー,,driver,驾驶员,người lái xe
0777,仲間,なかま,"companion, fellow",伙伴,"bạn, đồng bọn."
0778,仲良し,なかよし,good friend,关系好,thân thiết
0779,人間,にんげん,human being,人类,con người
0780,年齢,ねんれい,age,年龄,tuổi tác
0781,能力,のうりょく,ability,能力,năng lực
0782,ファン,,fan,粉丝,người hâm mộ
0783,夫婦,ふうふ,"husband and wife, married couple",夫妻,vợ chồng
0784,父母,ふぼ,"father and mother, parents",父母,phụ mẫu
0785,プロ,,"pro, professional",专业,chuyên nghiệp
0786,本人,ほんにん,the actual/said person,本人,chính người đó
0787,迷子,まいご,lost child,迷路的孩子,lạc đường
0788,父親,ちちおや,father,父亲,bố
0789,母親,ははおや,mother,母亲,mẹ
0790,祖父,そふ,grandfather,爷爷，外公,ông
0791,祖母,そぼ,grandmother,奶奶，外婆,bà
0792,長男,ちょうなん,oldest son,长男,trưởng nam
0793,長女,ちょうじょ,oldest daughter,长女,trưởng nữ
0794,次男,じなん,oneʼs second son,次子,thứ nam
0795,次女,じじょ,oneʼs second daughter,次女,thứ nữ
0796,孫,まご,grandchild,孙子，孙女,cháu
0797,おい,,nephew,侄子，外甥,cháu trai
0798,めい,,niece,侄女，外甥女,cháu gái
0799,いとこ,,cousin,堂兄弟，堂姐妹，表兄弟，表姐妹,anh em họ
0800,民族,みんぞく,"race, ethnic group",民族,dân tộc
0801,息子,むすこ,son,儿子,con trai
0802,娘,むすめ,daughter,女儿,con gái
0803,目上,めうえ,one’s superior,上级,bề trên
0804,メンバー,,member,队员，成员,thành viên
0805,友人,ゆうじん,friend,朋友,bạn bè
0806,リーダー,,leader,领袖，队长,"lão đạo, thủ lĩnh, người dẫn đầu"
0807,履歴書,りれきしょ,"résumé, CV",简历,bản lý lịch
0808,老人,ろうじん,old person,老年人,người già
0809,若者,わかもの,young people,年轻人,giới trẻ
0810,エンジニア,,engineer,工程师,kỹ sư
0811,画家,がか,"artist, painter",画家,họa sĩ
0812,歌手,かしゅ,singer,歌手,ca sĩ
0813,看護師,かんごし,nurse,护士,y tá
0814,記者,きしゃ,"journalist, reporter",记者,nhà báo
0815,教師,きょうし,teacher,教师,giáo viên
0816,公務員,こうむいん,civil servant,公务员,"công chức, viên chức"
0817,コック,,cook,厨师,đầu bếp
0818,女優,じょゆう,actress,女演员,nữ diễn viên
0819,大工,だいく,carpenter,木匠,thợ mộc
0820,通訳,つうやく,interpreter,翻译,thông dịch
0821,デザイナー,,designer,设计师,nhà thiết kế
0822,俳優,はいゆう,"actor, actress",男演员,diễn viên
0823,パイロット,,pilot,飞行员,phi công
0824,弁護士,べんごし,lawyer,律师,luật sư
0825,遠足,えんそく,school trip,郊游,"tham quan, dã ngoại"
0826,解答,かいとう,"answer, solution",解答,"giải đáp, đáp án"
0827,学習,がくしゅう,"study, learning",学习,"học tập, rèn luyện"
0828,学年,がくねん,"grade, year",年级,"học niên, khóa"
0829,学力,がくりょく,academic ability,学习能力,học lực
0830,学期,がっき,school semester/term,学期,học kì
0831,科目,かもく,subject of study,科目,môn học
0832,願書,がんしょ,written application,志愿书,hồ sơ
0833,カンニング,,cheating in an exam,作弊,"gian lận thi cử, quay cóp"
0834,キャンパス,,campus,校园，校区,cơ sở
0835,給食,きゅうしょく,"provision of meals (at schools, companies, etc.)",供餐,"bữa cơm (trường học, công ty)"
0836,教科書,きょうかしょ,textbook,教科书,sách giáo khoa
0837,クイズ,,quiz,智力问答,câu đố
0838,組,くみ,"class, group",班级,"tổ, nhóm"
0839,クラブ,,club,俱乐部,câu lạc bộ
0840,グラフ,,graph,图表,biểu đồ
0841,計算,けいさん,calculation,计算,"tính, tính toán"
0842,合格,ごうかく,passing an exam,合格,"đỗ, đỗ đạt"
0843,講義,こうぎ,lecture,讲义，授课,"bài giảng, giờ giảng"
0844,講座,こうざ,course of lectures,讲座,khoá học
0845,講習,こうしゅう,short course,讲习,"khoá học, khoá đào tạo"
0846,サークル,,"club, circle",社团,"nhóm, câu lạc bộ"
0847,三角（三角形）,さんかく（さんかくけい）,triangle,三角（三角形）,tam giác
0848,時間割,じかんわり,"timetable, schedule",课程表,"thời gian biểu, thời khoá biểu"
0849,自習,じしゅう,study by oneself,自习,tự học
0850,実験,じっけん,experiment,实验,"thí nghiệm, thực nghiệm"
0851,実習,じっしゅう,"practical training, practice",实习,"thực tập, thực hành"
0852,受験,じゅけん,examination,考试,"dự thi, tham gia kỳ thi"
0853,小学生,しょうがくせい,elementary schoolchild,小学生,"học sinh tiểu học, học sinh cấp 1"
0854,初級,しょきゅう,beginner,初级,sơ cấp
0855,進学,しんがく,going on to the next educational step,升学,học lên
0856,図,ず,"chart, diagram",图片,"hình vẽ, đồ thị"
0857,数字,すうじ,"number, figure",数字,"số, con số"
0858,正解,せいかい,correct answer,正确答案，答对,"câu trả lời đúng, câu trả lời chính xác"
0859,成績,せいせき,"academic result, score, grade",成绩,"thành tích, kết quả"
0860,ゼミ（ゼミナール）,,seminar,小组讨论,hội thảo
0861,専門,せんもん,specialty,专业,chuyên môn
0862,早退,そうたい,leaving work (or school) early,早退,"nghỉ sớm, về sớm"
0863,体積,たいせき,volume,体积,thể tích
0864,単語,たんご,word,单词,từ vựng
0865,担任,たんにん,in charge of class,担任，班主任,giáo viên chủ nhiệm
0866,知識,ちしき,knowledge,知识,"ri thức, kiến thức"
0867,中級,ちゅうきゅう,intermediate,中级,trung cấp
0868,通学,つうがく,commuting to school,上下学,đi học
0869,点数,てんすう,"mark, score",分数,điểm số
0870,ばつ,,cross mark,叉号,"phạt, dấu x"
0871,百科事典,ひゃっかじてん,encyclopedia,百科全书,từ điển bách khoa
0872,表,ひょう,"chart, table, list",表格,bảng
0873,プラス,,"plus, add",加，正号,thêm
0874,文,ぶん,sentence,文章，句子,câu
0875,括弧,かっこ,"parenthesis, bracket",括号,dấu ngoặc đơn
0876,四角（四角形）,しかく（しかくけい）,square,四角（四角形）,hình vuông (tứ giác)
0877,矢じるし,やじるし,arrow mark,箭头,mũi tên chỉ hướng
0878,円,えん,circle,圆,vòng tròn
0879,曲線,きょくせん,curved line,曲線,đường gấp khúc
0880,直線,ちょくせん,straight line,直线,đường thẳng
0881,点線,てんせん,dotted line,虚线,đường chấm chấm
0882,下線,かせん,underline,下画线,gạch chân
0883,半径,はんけい,radius,半径,bán kính
0884,直径,ちょっけい,diameter,直径,đường kính
0885,保育所,ほいくしょ/ほいくじょ,day-care center,托儿所,nhà trẻ
0886,マイナス,,"minus, subtraction",减去，负号,"trừ đi, âm, lỗ"
0887,丸,まる,"circle, club",圆圈,tròn
0888,面積,めんせき,area,面积,diện tích
0889,文字,もじ,"letter, character",文字,chữ cái
0890,留学,りゅうがく,overseas study,留学,du học
0891,レッスン,,lesson,课程，授课,"bài học, lớp"
0892,レポート/リポート,,report,报告,báo cáo
0893,ローマ字,ローマじ,roman letter,罗马字母,chữ la tinh
0894,専門学校,せんもんがっこう,vocational school/college,专业学校,trường chuyên môn
0895,大学院,だいがくいん,graduate school,研究生院,khoa sau đại học
0896,短大（短期大学）,たんだい（たんきだいがく）,junior college,短期大学,cao đẳng
0897,幼稚園,ようちえん,"kindergarten, nursery school",幼儿园,trường mẫu giáo
0898,化学,かがく,chemistry,化学,hóa học
0899,国語,こくご,national language,国语,môn quốc ngữ
0900,体育,たいいく,"physical education, gym",体育,thể dục
0901,物理,ぶつり,physics,物理,vật lý
0902,理科,りか,science,理科,khối tự nhiên
0903,アニメ（アニメーション）,,"anime, animation",动画,hoạt hình
0904,演奏,えんそう,performance,演奏,biểu diễn
0905,海水浴,かいすいよく,sea bathing,海水浴,tắm biển
0906,歌詞,かし,lyrics,歌词,lời bài hát
0907,楽器,がっき,musical instrument,乐器,nhạc cụ
0908,キャンプ,,camp,野营,cắm trại
0909,曲,きょく,"piece of music, tune",歌曲,ca khúc
0910,芸術,げいじゅつ,art,艺术,nghệ thuật
0911,劇,げき,"play, drama",戏剧,kịch
0912,コンサート,,concert,音乐会,buổi hòa nhạc
0913,作曲,さっきょく,composition,作曲,sáng tác nhạc
0914,詩,し,"poetry, poem",诗,thơ
0915,チケット,,ticket,门票,vé
0916,読書,どくしょ,reading,读书,đọc sách
0917,登山,とざん,mountain climbing,登山,leo núi
0918,ドラマ,,drama,电视剧,phim dài tập
0919,バーベキュー,,barbecue,烧烤,tiệc nướng ngoài trời
0920,花火,はなび,fireworks,烟火,pháo hoa
0921,美術,びじゅつ,fine art,美术,mỹ thuật
0922,レジャー,,leisure,空闲，闲暇的娱乐,"thư giãn, nghỉ ngơi"
0923,相撲,すもう,sumo,相扑,sumo
0924,卓球,たっきゅう,table tennis,乒乓球,bóng bàn
0925,釣り,つり,fishing,钓鱼,câu cá
0926,ハイキング,,hiking,远足,đi bách bộ
0927,バット,,bat,球棒,gậy bóng chày
0928,ピクニック,,"picnic, outing",野餐,"picnic, dã ngoại"
0929,マラソン,,marathon,马拉松,chạy việt dã
0930,ラケット,,racket,球拍,vợt
0931,ランニング,,running,跑步,chạy bộ
0932,ロック,,rock (music),摇滚,nhạc rock
0933,赤字,あかじ,"deficit, red figure",亏损,lỗ
0934,売り切れ,うりきれ,being sold out,售完，脱销,bán hết
0935,ＡＴＭ,エーティーエム,ATM,ATM（自动取款机）,máy rút tiền tự động
0936,会計,かいけい,"accounting, payment, check, bill",结账,"kế toán, tính tiền"
0937,会費,かいひ,membership fee,会费,hội phí
0938,学費,がくひ,"school expenses, academic fee",学费,học phí
0939,学割（学生割引）,がくわり（がくせいわりびき）,student discount,学生折扣,"giảm giá cho học sinh, sinh viên"
0940,給料,きゅうりょう,"pay, salary",工资,lương
0941,金額,きんがく,amount of money,金额,"kim ngạch, số tiền"
0942,黒字,くろじ,"surplus, black figure",盈余,lãi
0943,景気,けいき,"business conditions, economic climate",景气,tình hình kinh tế
0944,経済,けいざい,"economy, economics",经济,kinh tế
0945,現金,げんきん,cash,现金,tiền mặt
0946,小遣い,こづかい,pocket money,零花钱,tiền tiêu vặt
0947,財産,ざいさん,"property, assets",财产,tài sản
0948,（お）札,（お）さつ,"bill, note",纸币,tiền giấy
0949,支出,ししゅつ,"expenses, expenditure",支出,chi trả
0950,支払い,しはらい,payment,支付,"thanh toán, trả tiền"
0951,集金,しゅうきん,collection of money,收款,thu tiền
0952,収入,しゅうにゅう,"income, earnings",收入,thu nhập
0953,奨学金,しょうがくきん,scholarship,奖学金,học bổng
0954,賞金,しょうきん,prize money,奖金,tiền thưởng
0955,消費,しょうひ,consumption,消费,tiêu dùng
0956,請求書,せいきゅうしょ,bill,账单,giấy đề nghị thanh toán
0957,税金,ぜいきん,tax,税金,tiền thuế
0958,送料,そうりょう,"postage, mailing cost",邮费,"phí gửi, cước phí"
0959,損,そん,loss,损失,"tổn thất, lỗ"
0960,宝くじ,たからくじ,public lottery,彩票,xổ số
0961,ただ,,free,免费,miễn phí
0962,チップ,,tip,小费,tiền tip
0963,チャージ,,charge,充值,nạp
0964,貯金,ちょきん,saving,存钱,tiền tiết kiệm
0965,通帳,つうちょう,passbook,存折,sổ ngân hàng
0966,定価,ていか,retail/fixed price,定价,"giá ghi trên sản phẩm, giá quy định"
0967,得,とく,advantage,获利，划算,có lợi
0968,特売,とくばい,bargain sale,特卖,bán giảm giá đặc biệt
0969,値上がり,ねあがり,increase/rise in price,涨价,lên giá
0970,費用,ひよう,cost,费用,chi phí
0971,物価,ぶっか,prices,物价,vật giá
0972,ボーナス,,bonus,奖金,tiền thưởng
0973,保険,ほけん,insurance,保险,bảo hiểm
0974,前売り,まえうり,advance sale,预售,"bán sớm, bán trước (kì hạn)"
0975,無料,むりょう,free of charge,免费,miễn phí
0976,家賃,やちん,house rent,房租,tiền thuê nhà
0977,有料,ゆうりょう,"pay, charge",收费,mất phí
0978,預金,よきん,deposit,存款,tiền gửi
0979,予算,よさん,budget,预算,"ngân sách, dự toán"
0980,両替,りょうがえ,money changing,换钱,đổi tiền
0981,料金,りょうきん,"charge, fee",费用,cước phí
0982,領収書,りょうしゅうしょ,receipt,收据,hóa đơn
0983,レシート,,receipt,收据,biên lai
0984,ローン,,loan,贷款,tiền vay
0985,割り勘,わりかん,splitting the bill,AA制,chia nhau thanh toán
0986,割引,わりびき,discount,打折,giảm giá
0987,岩,いわ,rock,岩石,tảng đá
0988,宇宙,うちゅう,"space, universe",宇宙,vũ trụ
0989,液体,えきたい,"liquid, fluid",液体,chất lỏng
0990,餌,えさ,"feed, food",饲料,mồi
0991,枝,えだ,branch,树枝,cành cây
0992,大雨,おおあめ,heavy rain,大雨,mưa to
0993,大雪,おおゆき,heavy snow,大雪,tuyết rơi nhiều
0994,温泉,おんせん,hot spring,温泉,suối nước nóng
0995,温度,おんど,temperature,温度,nhiệt độ
0996,懐中電灯,かいちゅうでんとう,flashlight,手电筒,đèn pin
0997,影,かげ,shadow,影子,bóng
0998,火山,かざん,volcano,火山,núi lửa
0999,雷,かみなり,thunder and lightning,雷,sấm chớp
1000,皮,かわ,peel,皮,vỏ
1001,環境,かんきょう,environment,环境,môi trường
1002,乾燥,かんそう,dryness,干燥,khô
1003,乾電池,かんでんち,dry-cell battery,干电池,pin
1004,気温,きおん,ambient temperature,气温,nhiệt độ không khí
1005,気候,きこう,climate,气候,khí hậu
1006,気体,きたい,gas,气体,thể khí
1007,草,くさ,grass,草,cỏ
1008,警報,けいほう,warning,警报,cảnh báo
1009,煙,けむり,smoke,烟,khói
1010,洪水,こうずい,flood,洪水,lũ lụt
1011,紅葉,こうよう,red leaves of autumn/fall,（变成）红叶,lá đỏ
1012,固体,こたい,solid,固体,thể rắn
1013,酸素,さんそ,oxygen,氧气,oxy
1014,自然,しぜん,nature,自然,tự nhiên
1015,湿度,しつど,humdity,湿度,độ ẩm
1016,芝生,しばふ,lawn,草坪,bãi cỏ
1017,消火器,しょうかき,fire extinguisher,灭火器,bình cứu hỏa
1018,植物,しょくぶつ,plants,植物,thực vật
1019,震度,しんど,seismic intensity (on the Japanese scale),（地震）烈度,độ rung (động đất)
1020,森林,しんりん,forest,森林,rừng sâu
1021,生物,せいぶつ,living things,生物,sinh vật
1022,太陽,たいよう,sun,太阳,mặt trời
1023,大陸,たいりく,continent,大陆,"lục địa, châu lục"
1024,種,たね,seed,种子,hạt giống
1025,断水,だんすい,water stoppage,停水,"mất nước, cắt nước"
1026,田んぼ,たんぼ,rice field,田,cánh đồng lúa
1027,地球,ちきゅう,earth,地球,"địa cầu, trái đất"
1028,注意報,ちゅういほう,"alert, advisory, watch",预警警报,"cảnh báo, chú ý"
1029,土,つち,"earth, soil",泥土,đất
1030,津波,つなみ,tsunami,海啸,sóng thần
1031,梅雨,つゆ/ばいう,rainy season,梅雨,mùa mưa
1032,停電,ていでん,power outage/cut,停电,mất điện
1033,電線,でんせん,"power line, electric wire",电线,đường dây điện
1034,泥,どろ,mud,泥,bùn
1035,波,なみ,wave,波浪,sóng
1036,二酸化炭素,にさんかたんそ,carbon dioxide,二氧化碳,khí CO2
1037,根,ね,root,根,rễ
1038,畑,はたけ,field,田地，旱地,cánh đồng
1039,半島,はんとう,peninsula,半岛,bán đảo
1040,避難,ひなん,evacuation,避难,lánh nạn
1041,風速,ふうそく,wind speed,风速,vận tốc gió
1042,防災,ぼうさい,disaster prevention,防止灾害,phòng chống thiên tai
1043,ほこり,,dust,灰尘,bụi
1044,虫,むし,"insect, worm, bug",虫子,côn trùng
1045,ろうそく,,candle,蜡烛,nến
1046,湾,わん,bay,海湾,vịnh
1047,うさぎ,,rabbit,兔子,con thỏ
1048,牛,うし,cow,牛,con bò
1049,馬,うま,horse,马,con ngựa
1050,蚊,か,mosquito,蚊子,con muỗi
1051,貝,かい,shellfish,贝壳,con sò
1052,からす,,crow,乌鸦,con quạ
1053,猿,さる,monkey,猴子,con khỉ
1054,象,ぞう,elephant,大象,con voi
1055,虎,とら,tiger,老虎,con hổ
1056,鶏,にわとり,chicken,鸡,con gà
1057,ねずみ,,"rat, mouse",老鼠,con chuột
1058,羊,ひつじ,sheep,羊,con cừu
1059,豚,ぶた,pig,猪,con lợn
1060,蛇,へび,snake,蛇,con rắn
1061,桜,さくら,cherry tree/blossom,樱花,hoa anh đào
1062,以後,いご,"after, from that time on",以后,sau
1063,以前,いぜん,"before, days gone by",以前,trước đây
1064,延期,えんき,postponement,延期,hoãn
1065,延長,えんちょう,extension,延长,"kéo dài , gia hạn (thời gian)"
1066,開始,かいし,"start, commencement",开始,bắt đầu
1067,過去,かこ,past,过去,quá khứ
1068,期間,きかん,period of time,期间,quãng thời gian
1069,期限,きげん,deadline,期限,kì hạn
1070,休日,きゅうじつ,day off,假日,ngày nghỉ
1071,下旬,げじゅん,last ten days of a month,下旬,hạ tuần tháng
1072,月末,げつまつ,end of the month,月底,cuối tháng
1073,現在,げんざい,"at the moment/present, now",现在,hiện nay
1074,現代,げんだい,the present day/age,现代,hiện đại
1075,後半,こうはん,latter/second half,后半,nửa sau
1076,ゴールデンウィーク,,Golden Week,黄金周,tuần lễ vàng
1077,頃,ころ,"when, around the time",时候,"khoảng , lúc (thời gian)"
1078,今回,こんかい,"now, this time",这次,lần này
1079,シーズン,,season,季节,mùa
1080,時期,じき,"time, season",时期,thời kì
1081,時刻,じこく,time,时刻，时间,thời khắc
1082,時差,じさ,time difference,时差,múi giờ chênh lệch
1083,週,しゅう,week,周,tuần
1084,週末,しゅうまつ,weekend,周末,cuối tuần
1085,終了,しゅうりょう,"end, close",结束,kết thúc
1086,正午,しょうご,noon,正午,giữa trưa
1087,上旬,じょうじゅん,first ten days of the month,上旬,thượng tuần tháng
1088,新年,しんねん,new year,新年,năm mới
1089,深夜,しんや,late at night,深夜,"nửa đêm, đêm khuya"
1090,スタート,,start,开始,bắt đầu
1091,先日,せんじつ,the other day,前些天,hôm trước
1092,前半,ぜんはん,first half,前一半,nửa trước
1093,遅刻,ちこく,being late,迟到,muộn giờ
1094,中旬,ちゅうじゅん,middle ten days of the month,中旬,trung tuần tháng
1095,定休日,ていきゅうび,fixed holiday,定期休息日,ngày nghỉ định kì
1096,同時,どうじ,at the same time,同时,đồng thời
1097,当日,とうじつ,on the day,当天,ngày hôm đó
1098,日時,にちじ,time and date,日期和时刻,ngày giờ
1099,年代,ねんだい,generation,年代,niên đại
1100,半年,はんとし,half a year,半年,nửa năm
1101,半日,はんにち,half a day,半天,nửa ngày
1102,日付,ひづけ,date,日期,ngày tháng
1103,日にち,ひにち,date,日期,ngày giờ
1104,平日,へいじつ,weekday,平日,ngày thường
1105,本日,ほんじつ,today,今天,ngày hôm nay
1106,未来,みらい,future,未来,tương lai
1107,夜中,よなか,middle of the night,半夜,nửa đêm
1108,臨時,りんじ,"special, extra",临时,"lâm thời, tạm thời"
1109,連休,れんきゅう,consecutive holidays,连休,"đợt nghỉ, kì nghỉ dài"
1110,着替え,きがえ,change of clothes,替换（的）衣物,thay quần áo
1111,化粧,けしょう,make-up,化妆,trang điểm
1112,香水,こうすい,perfume,香水,nước hoa
1113,サイズ,,size,尺码,kích cỡ
1114,エプロン,,apron,围裙,tạp dề
1115,コート,,coat,外套,áo khoác dài
1116,サンダル,,sandal,凉鞋,dép sandal
1117,ジーンズ/ジーパン,,jeans,牛仔裤,quần bò
1118,ジャケット,,jacket,夹克衫,áo khoác
1119,ジャンパー,,jumper,夹克衫,áo gió
1120,ストッキング,,stocking,长袜,tất dài
1121,スニーカー,,sneaker,运动鞋,giầy thể thao
1122,スラックス,,slacks,宽松长裤,quần ống rộng
1123,ソックス,,sock,短袜,tất
1124,ドレス,,dress,裙子,váy
1125,パジャマ,,pajamas,睡衣,quần áo ngủ
1126,下着,したぎ,underwear,内衣,quần lót
1127,制服,せいふく,uniform,制服,đồng phục
1128,ダイヤ（ダイヤモンド）,,diamond,钻石,kim cương
1129,ファッション,,fashion,时尚,thời trang
1130,パンツ,,underpants,内裤,quần lót
1131,ブーツ,,boot,靴子,bốt (giầy cao cổ)
1132,ブラウス,,blouse,女式衬衫,áo sơ mi nữ cách điệu
1133,水着,みずぎ,swimwear,泳衣,quần áo tắm
1134,レインコート,,raincoat,雨衣,áo mưa
1135,ワンピース,,"one piece, dress",连衣裙,váy liền
1136,口紅,くちべに,lipstick,口红,son môi
1137,サングラス,,sunglasses,太阳镜,kính râm
1138,スカーフ,,scarf,围巾,khăn quàng mỏng
1139,ネックレス,,necklace,项链,dây chuyền
1140,バッグ,,bag,包,"túi, cặp sách"
1141,ブローチ,,brooch,胸针,cái cài áo
1142,服装,ふくそう,"clothing, clothes",服装,trang phục
1143,宝石,ほうせき,jewel,宝石,đá quý
1144,メーク（メークアップ）,,make-up,化妆,trang điểm
1145,リボン,,ribbon,飘带,nơ
1146,ベルト,,belt,皮带,thắt lưng
1147,マフラー,,muffler,围巾,khăn quàng
1148,襟,えり,collar,衣领,cổ áo
1149,袖,そで,sleeve,袖子,tay áo
1150,ファスナー,,fastener,拉链,khóa kéo
1151,ウール,,wool,羊毛,len
1152,毛糸,けいと,"woolen yarn, knitting wool",毛线,len
1153,コットン,,cotton,棉花,bông
1154,シルク,,silk,丝绸,lụa
1155,ウエスト,,waist,腰,vòng eo
1156,バスト,,bust,胸围,vòng ngực
1157,ヒップ,,hip,臀部,vòng mông
1158,家具,かぐ,furniture,家具,đồ gia dụng
1159,ガレージ,,garage,车库,gara
1160,住宅,じゅうたく,house,住宅,nhà ở
1161,チャイム,,chime,门铃,chuông
1162,天井,てんじょう,ceiling,天花板,trần nhà
1163,戸棚,とだな,cupboard,橱柜,tủ có cánh
1164,柱,はしら,"pillar, column",柱子,cột
1165,バス,,bath,浴室,bồn tắm
1166,屋根,やね,roof,屋顶,mái nhà
1167,床,ゆか,floor,地板,sàn nhà
1168,洋室,ようしつ,Western-style room,西式房间,phòng kiểu âu
1169,リビング（リビングルーム）,,living room,客厅,phòng khách
1170,寮,りょう,dormitory,宿舍,ký túc xá
1171,和室,わしつ,Japanese-style room,日式房间,phòng kiểu nhật
1172,お手洗い,おてあらい,"restroom, lavatory",盥洗室,phòng vệ sinh
1173,カーペット,,carpet,地毯,thảm
1174,キッチン,,kitchen,厨房,phòng bếp
1175,シャッター,,shutter,百叶窗,cửa cuốn
1176,寝室,しんしつ,bedroom,卧室,phòng ngủ
1177,洗面所,せんめんじょ,"washroom, lavatory",盥洗室,bồn rửa mặt
1178,ソファー,,sofa,沙发,ghế sa lông
1179,たんす,,chest of drawers,衣柜,tủ
1180,流し,ながし,sink,水池,"bồn rửa, chậu rửa"
1181,ベランダ,,veranda,阳台,ban công
1182,便所,べんじょ,"toilet, lavatory",厕所,"bệ xí, bồn cầu"
1183,物置,ものおき,"shed, storage room",库房,chỗ để đồ
1184,インスタント食品,インスタントしょくひん,instant/convenience food,速食食品,thực phẩm ăn liền
1185,栄養,えいよう,nutrition,营养,dinh dưỡng
1186,おかず,,food served in an addition to rice,菜肴,thức ăn
1187,お代わり,おかわり,another helping,再来一份，添饭,thêm thức ăn
1188,アイスクリーム,,ice cream,冰激凌,kem
1189,ウイスキー,,whisky,威士忌,rượu whisky
1190,うどん,,"udon, Japanese wheat noodles",乌冬面,mỳ udon
1191,オレンジ,,orange,橘子,quả cam
1192,ガム,,chewing gum,口香糖,kẹo cao su
1193,缶詰,かんづめ,canned/tinned food,罐头食品,đồ hộp
1194,小麦粉,こむぎこ,flour,小麦粉,bột mỳ
1195,さしみ,,"sashimi, sliced raw fish",生鱼片,gỏi cá
1196,スープ,,soup,汤,súp
1197,ソーセージ,,sausage,香肠,xúc xích
1198,そば,,"soba, buckwheat noodles",荞麦面,mỳ soba
1199,チーズ,,cheese,芝士,pho mát
1200,おやつ,,snack between meals,零食,"ăn vặt, đồ ăn nhẹ"
1201,外食,がいしょく,eating out,在外就餐,"ăn ngoài, ăn tiệm"
1202,クリーム,,cream,奶油,kem
1203,氷,こおり,ice,冰,"đá, băng"
1204,とり肉,とりにく,chicken,鸡肉,thịt gà
1205,丼,どんぶり,bowl,大碗,bát to
1206,パスタ,,pasta,意大利面,mỳ Ý
1207,瓶詰,びんづめ,bottled/in a jar (food),瓶装,đóng chai
1208,フルーツ,,fruit,水果,hoa quả
1209,ポーク,,pork,猪肉,thịt lợn
1210,豆,まめ,"bean, pea",豆子,"đậu, đỗ"
1211,餅,もち,"mochi, sticky rice cake",饼,bánh dày
1212,ライス,,rice,米饭,cơm
1213,ワイン,,wine,红酒,rượu vang
1214,ごちそう,,"feast, dinner",美味佳肴,"thiết đãi, bữa ăn thịnh soạn, tiệc"
1215,食品,しょくひん,"food, foodstuff",食品,"đồ ăn, thực phẩm"
1216,食料,しょくりょう,"provisions, foodstuff",食物,thực phẩm
1217,食器,しょっき,tableware,餐具,bát đĩa
1218,ゼリー,,jelly,果冻,thạch
1219,調味料,ちょうみりょう,"condiment, seasoning",调味料,gia vị
1220,定食,ていしょく,set meal,套餐,cơm suất
1221,メニュー,,menu,菜单,thực đơn
1222,冷凍,れいとう,"freezing, refrigeration",冷冻,đông lạnh
1223,油,あぶら,oil,油,"dầu, mỡ"
1224,こしょう,,pepper,胡椒粉,hạt tiêu
1225,酢,す,vinegar,醋,dấm
1226,ソース,,sauce,酱汁,nước sốt
1227,みそ,,"miso, fermented bean paste",味噌,tương
1228,朝食,ちょうしょく,breakfast,早餐,bữa sáng
1229,昼食,ちゅうしょく,lunch,午餐,bữa trưa
1230,夕食,ゆうしょく,evening meal,晚餐,bữa tối
1231,デザート,,dessert,甜点,tráng miệng
1232,ランチ,,lunch,午餐,bữa trưa
1233,アラーム,,alarm (clock),闹钟,đồng hồ báo thức
1234,糸,いと,thread,线,sợi chỉ
1235,絵の具,えのぐ,"colors, paints",颜料,màu vẽ
1236,温度計,おんどけい,thermometer,温度计,"nhiệt kế, nhiệt độ kế"
1237,鏡,かがみ,mirror,镜子,gương
1238,カバー,,cover,罩子,"vỏ bọc, vải che"
1239,缶,かん,can,罐子,lon
1240,蛍光灯,けいこうとう,fluorescent light,日光灯,bóng đèn tuýp
1241,ケース,,case,盒子,hộp
1242,スプレー,,spray,喷雾,bình xịt
1243,洗剤,せんざい,detergent,洗涤剂,"dung dịch tẩy rửa, bột giặt"
1244,雑巾,ぞうきん,"duster, floor cloth",抹布,giẻ lau
1245,（お）盆,（お）ぼん,tray,盆,"cái mâm, cái khay"
1246,グラス,,glass,玻璃杯,"ly, cốc thủy tinh"
1247,こんろ,,cooking stove,小炉子,bếp
1248,さじ,,spoon,勺子,thìa
1249,炊飯器,すいはんき,rice cooker,电饭煲,nồi cơm điện
1250,ストロー,,straw,吸管,ống hút
1251,ナプキン,,napkin,餐巾,"khăn ăn, băng vệ sinh"
1252,鍋,なべ,"pan, pot",锅,"nồi, xoong"
1253,フライパン,,frying pan,平底锅,chảo
1254,包丁,ほうちょう,kitchen knife,菜刀,dao
1255,ポット,,pot,壶,bình nước nóng
1256,まないた,,chopping board,砧板,cái thớt
1257,やかん,,kettle,烧水壶,ấm đun nước
1258,レンジ,,cooking range,微波炉,lò vi sóng
1259,掃除用具,そうじようぐ,cleaning implements,清扫工具,dụng cụ dọn vệ sinh
1260,タイマー,,timer,定时开关,"đồng hồ bấm giờ, chế độ hẹn giờ"
1261,段ボール,だんボール,cardboard box,瓦楞纸,thùng cát tông
1262,チェーン,,chain,链子,dây xích
1263,手帳,てちょう,notebook,记事本,sổ tay
1264,電子レンジ,でんしレンジ,microwave oven,微波炉,lò vi sóng
1265,布,ぬの,cloth,布,vải
1266,歯磨き,はみがき,brushing of teeth,刷牙,đánh răng
1267,針,はり,needle,针,kim
1268,判こ,はんこ,"stamp, seal",印章,con dấu
1269,瓶,びん,bottle,瓶子,"chai, lọ, bình"
1270,ファイル,,file,（装进）文件夹,"file tài liệu, tệp tài liệu"
1271,アイロン,,iron,熨斗,bàn là
1272,イヤホン,,earphone,耳机,tai nghe
1273,エアコン,,air conditioner,空调,điều hòa
1274,コード,,cord,电源线,"mã số, mã cốt, dây điện"
1275,コンセント,,"outlet, power point",插座,ổ cắm
1276,スイッチ,,switch,开关,công tắc
1277,スタンド,,stand,台灯,"chân dựng, chân đỡ"
1278,スピーカー,,speaker,扩音器,loa
1279,扇風機,せんぷうき,electric fan,风扇,quạt điện
1280,デジカメ（デジタルカメラ）,,digital camera,数码相机,máy ảnh kỹ thuật số
1281,電球,でんきゅう,light bulb,电灯泡,bóng đèn
1282,プラグ,,plug,插头,phích cắm điện
1283,ヘッドホン,,headphones,头戴式耳机,tai nghe (loại chụp)
1284,マイク（マイクロホン）,,microphone,话筒,mi cờ rô
1285,ライト,,light,灯,đèn
1286,リモコン,,remote control,遥控器,điều khiển
1287,風船,ふうせん,balloon,气球,bóng bay
1288,袋,ふくろ,bag,袋子,túi
1289,筆,ふで,brush,毛笔,bút lông
1290,部品,ぶひん,part,零件,linh kiện
1291,ブラシ,,brush,刷子,bàn chải
1292,文房具,ぶんぼうぐ,"stationery, writing materials",文具,văn phòng phẩm
1293,ペンキ,,paint,油漆,sơn
1294,マウス,,mouse,鼠标,chuột
1295,名刺,めいし,business card,名片,danh thiếp
1296,メーター,,meter,测量仪表,"công tơ mét, đồng hồ đo"
1297,アルバム,,album,相册,album
1298,シーツ,,sheet,床单,ga trải giường
1299,扇子,せんす,Japanese/folding fan,扇子,quạt giấy
1300,タオル,,towel,毛巾,khăn mặt
1301,ティッシュ（ティッシュペーパー）,,tissue,纸巾,giấy ăn
1302,電池,でんち,battery,电池,pin
1303,バケツ,,bucket,铁桶，水桶,"thùng, xô"
1304,ハンガー,,hanger,衣架,mắc quần áo
1305,ひも,,"string, cord, rope",细绳,dây
1306,ピン,,pin,别针，发卡,"ghim, kim băng"
1307,ふた,,"lid, cap",盖子,"cái nắp, vung"
1308,ホース,,hose,软管,"vòi, ống"
1309,ポンプ,,pump,泵,cái bơm
1310,枕,まくら,pillow,枕头,cái gối
1311,目覚まし,めざまし,alarm clock,闹钟,"báo thức, đồng hồ báo thức"
1312,毛布,もうふ,blanket,毯子,chăn mềm
1313,ライター,,cigarette lighter,打火机,bật lửa
1314,ランプ,,lamp,电灯,cái đèn
1315,リュック（リュックサック）,,rucksack,登山背包,ba lô
1316,レバー,,lever,操纵杆,cần gạt
1317,レンズ,,lens,透镜，镜片,"mắt kính, ống kính"
1318,ロープ,,rope,绳子,dây thừng
1319,ロボット,,robot,机器人,người máy
1320,インク,,ink,墨水,mực
1321,定規,じょうぎ,ruler,尺,thước kẻ
1322,電卓,でんたく,calculator,台式电子计算机,máy tính bỏ túi
1323,のり,,glue,胶水,hồ dán
1324,はさみ,,scissors,剪刀,cái kéo
1325,便せん,びんせん,writing paper,便签,giấy viết thư
1326,輪ゴム,わゴム,elastic/rubber band,皮筋儿,dây chun
1327,愛する,あいする,love,爱,yêu
1328,諦める,あきらめる,"give up, abandon",放弃,"từ bỏ, bỏ"
1329,飽きる,あきる,"lose interest, tire of",厌烦,"chán, ngán, ngấy"
1330,預かる,あずかる,"keep, look after",托管,"giữ, trông nom, trông hộ"
1331,預ける,あずける,"deposit, entrust",寄存,gửi
1332,暖める,あたためる,"warm, heat",使温暖,"làm nóng, làm ấm"
1333,温める,あたためる,"warm, heat",加热,"làm nóng, làm ấm"
1334,当たる,あたる,"hit, strike",撞上,"trúng, va trúng"
1335,余る,あまる,be left over,剩下,"còn thừa, dư"
1336,編む,あむ,knit,编织,đan
1337,現れる,あらわれる,appear,出现,xuất hiện
1338,合わせる,あわせる,"combine, sum up",合并,"kết hợp, cộng lại"
1339,慌てる,あわてる,be in a flurry,惊慌,"vội vàng, cuống quýt"
1340,生かす,いかす,make good use of,活用,phát huy
1341,いじめる,,bully,欺负,bắt nạt
1342,いためる,,stir-fry,翻炒,xào
1343,祈る,いのる,pray,祈祷,cầu nguyện
1344,嫌がる,いやがる,hate,讨厌,"không thích, ghét"
1345,いらいらする,,be irritated,急躁,"sốt ruột, bồn chồn"
1346,祝う,いわう,celebrate,庆祝,chúc mừng
1347,植える,うえる,plant,种植,trồng cây
1348,受かる,うかる,pass (an examination),及格,"thi đỗ, vượt qua"
1349,浮く,うく,float,浮起,"nổi, lơ lửng"
1350,受け付ける,うけつける,accept,受理,tiếp nhận
1351,受け取る,うけとる,receive,接受,"nhận, nhận được"
1352,動かす,うごかす,move,使移动,"dịch chuyển, làm chuyển động"
1353,移す,うつす,"move (location), transfer",移动,"chuyển, di chuyển"
1354,写る,うつる,be in a picture,映现,"được chụp, lên ảnh, sao chép"
1355,裏返す,うらがえす,turn over,翻过来,"lộn trái, lật ngược"
1356,売り切れる,うりきれる,sell out,卖完,bán hết
1357,売れる,うれる,sell,畅销,bán chạy
1358,選ぶ,えらぶ,choose,选择,"lựa chọn, chọn"
1359,追い掛ける,おいかける,"chase, run after",追赶,đuổi theo
1360,追い越す,おいこす,overtake,超过,vượt
1361,追い付く,おいつく,catch up,追上,đuổi kịp
1362,追う,おう,"run after, chase",追赶,đuổi theo
1363,贈る,おくる,present,赠送,tặng
1364,行う,おこなう,"carry out, hold",举行,"tổ chức, diễn ra"
1365,押さえる,おさえる,"hold (down), press",压住,giữ chặt
1366,落ち着く,おちつく,be calm,冷静,bình tĩnh
1367,溺れる,おぼれる,(almost/nearly) drown,溺水,"chới với, suýt chết đuối"
1368,思い付く,おもいつく,hit upon an idea,想到,"nghĩ ra, nảy ra"
1369,折れる,おれる,break,折断,gãy
1370,下ろす,おろす,"take down, unload",卸下,"hạ xuống, cho xuống"
1371,飼う,かう,keep/have (animals),饲养,nuôi
1372,返る,かえる,"return, be returned",返还,"quay lại, bị trả lại"
1373,輝く,かがやく,"shine, glitter",闪耀,tỏa sáng
1374,かかる,,"fall ill, catch",患病,"nhiễm, bị mắc (bệnh)"
1375,かく①,,sweat,渗出,"đổ, toát, ra (mồ hôi)"
1376,かく②,,scratch,挠,gãi
1377,かぐ,,smell,闻,"ngửi, hít"
1378,隠す,かくす,hide,藏,"che giấu, giấu"
1379,囲む,かこむ,surround,包围,"bao quanh, bao vây"
1380,重ねる,かさねる,"pile up, stack",叠,"xếp lên, chồng chất"
1381,数える,かぞえる,count,数,đếm
1382,固まる,かたまる,"harden, solidify",凝固,"cứng, đông lại"
1383,傾く,かたむく,"lean, tilt",倾斜,"nghiêng, lệch"
1384,がっかりする,,be disappointed,失望,thất vọng
1385,かむ,,chew,咀嚼,cắn
1386,通う,かよう,"go to and from, commute",来往,"đi học, đi làm, lui tới, theo"
1387,枯れる,かれる,wither and die,枯萎,héo
1388,かわいがる,,"make a fuss of, treat with affection",喜爱，疼爱,"nâng niu, yêu chiều"
1389,乾かす,かわかす,dry,使干燥,"hong khô, làm khô"
1390,代わる/換わる/替わる,かわる,"replace, substitute",代替,"thay đổi, thay thế, thay cho"
1391,感じる,かんじる,feel,感觉,cảm thấy
1392,効く,きく,be effective,有效,"có tác dụng, hiệu quả"
1393,着せる,きせる,"dress, put on, clothe",给……穿上,mặc cho
1394,気付く,きづく,"notice, realise",察觉,"chú ý, để ý đến, nhận ra"
1395,気に入る,きにいる,like,喜欢,"thích, yêu thích"
1396,切れる,きれる,break,断开,đứt
1397,気を付ける,きをつける,"be careful, take care",注意,"cẩn thận, chú ý"
1398,腐る,くさる,"rot, go bad",腐烂,"ôi, thiu"
1399,崩れる,くずれる,"collapse, give way",坍塌,đổ xuống
1400,配る,くばる,hand out,分发,"phát, phân chia"
1401,暮らす,くらす,live,生活,sinh sống
1402,比べる,くらべる,compare,相比,so sánh
1403,繰り返す,くりかえす,repeat,重复,lặp lại
1404,苦しむ,くるしむ,suffer,感到痛苦,khổ sở
1405,暮れる,くれる,get dark,天黑,"mặt trời lặn, trời tối"
1406,加える,くわえる,add,加,thêm vào
1407,削る,けずる,"sharpen, shave",削,"gọt, bào"
1408,蹴る,ける,kick,踢,đá
1409,越える,こえる,"go over, pass through",跨过，越过,vượt qua
1410,凍る,こおる,"freeze, become frozen",结冰,đóng băng
1411,こぐ,,"row, pedal",划（船）,"chèo, đạp"
1412,焦げる,こげる,burn,烧焦,"cháy, khê"
1413,腰掛ける,こしかける,sit down,坐,ngồi
1414,超す/越す,こす,"pass, exceed",超过,vượt qua
1415,断る,ことわる,"decline, refuse",拒绝,từ chối
1416,こぼれる,,spill,洒,"sánh ra, đổ ra"
1417,混む/込む,こむ,be crowded,拥挤,"đông đúc, đông"
1418,転がる,ころがる,roll over/around,滚动，跌倒,"lăn lộn, lăn"
1419,殺す,ころす,kill,杀,giết
1420,転ぶ,ころぶ,fall down/over,摔跤,ngã
1421,探す/捜す,さがす,look for,寻找,"tìm, điều tra"
1422,叫ぶ,さけぶ,"shout, cry out",喊叫,"gào thét, kêu lên"
1423,刺す,さす,stab,刺,đâm
1424,指す,さす,point,指,"chỉ tay, chỉ hướng"
1425,差す,さす,put in,插,"giương, cắm"
1426,誘う,さそう,invite,邀请,"mời, rủ"
1427,さっぱりする,,feel refreshed/relieved,清爽，爽快,"thoải mái, dễ chịu"
1428,覚める,さめる,wake up,醒来,"tỉnh giấc, tỉnh dậy"
1429,冷める,さめる,get cold,变冷,"nguội, lạnh"
1430,敷く,しく,"spread, lay",铺上一层,"trải, lát"
1431,沈む,しずむ,sink,沉没,"chìm, đắm"
1432,支払う,しはらう,pay,支付,chi trả
1433,縛る,しばる,"tie, bind",捆绑,"trói, buộc, băng bó"
1434,しまう,,put away,收好,cất
1435,しゃべる,,"talk, chat",说话,nói chuyện
1436,信じる,しんじる,believe,相信,tin
1437,過ぎる,すぎる,pass,经过,"vượt quá, quá"
1438,過ごす,すごす,spend,度过,trải qua
1439,進む,すすむ,"go forward, advance",前进,"tiến lên, tiến triển, tiến bộ"
1440,勧める,すすめる,"advise, suggest, recommend",推荐,"gợi ý, giới thiệu, khuyên"
1441,滑る,すべる,"slip, be slippery",滑,"trơn trượt, trơn"
1442,済む,すむ,be over/done,完成,"hoàn thành, xong"
1443,育てる,そだてる,"bring up, raise",培养,"nuôi dưỡng, nuôi lớn"
1444,備える,そなえる,prepare,准备,chuẩn bị
1445,染める,そめる,dye,染色,nhuộm
1446,そる,,shave,刮,cạo
1447,そろえる,,"arrange, put in order",使整齐,"sắp xếp, để gọn gàng"
1448,倒す,たおす,knock/pull down,使倒下,làm đổ
1449,炊く,たく,cook,煮,nấu cơm
1450,抱く,だく,"hold, hug",抱,"ôm ấp, ôm"
1451,確かめる,たしかめる,"confirm, make sure",确认,"xác nhận, kiểm tra lại"
1452,足す,たす,add,加,"cộng, thêm vào"
1453,助ける,たすける,"rescue, help",帮助,cứu
1454,訪ねる,たずねる,visit,拜访,"thăm, ghé thăm"
1455,尋ねる,たずねる,ask,打听,hỏi
1456,戦う,たたかう,fight,战斗,chiến đấu
1457,たたく,,"hit, tap",敲打,"đánh, vỗ"
1458,畳む,たたむ,fold,叠,"gấp, gập"
1459,立ち上がる,たちあがる,stand up,起立,đứng lên
1460,立ち止まる,たちどまる,"stop, stand still",停止不前,đứng lại
1461,楽しむ,たのしむ,enjoy,享受,"vui vẻ, tận hưởng"
1462,黙る,だまる,"fall silent, stop talking",沉默,im lặng
1463,ためる,,save,攒,"gom góp, tiết kiệm"
1464,足りる,たりる,be enough,足够,đủ
1465,近づく,ちかづく,"approach, get near",接近,đến gần
1466,近寄る,ちかよる,approach,接近,"tiếp cận, lại gần"
1467,散らかる,ちらかる,be in a mess,散乱,"bừa bãi, lung tung"
1468,散る,ちる,"fall, scatter",凋落,rụng
1469,通じる,つうじる,"get through to, be connected",连通,"thông, hiểu, liên lạc được"
1470,捕まる,つかまる,be caught,被捕,bị bắt
1471,つかむ,,grab,抓,"tóm lấy, bắt lấy"
1472,付き合う,つきあう,"associate with, go out/steady with",交往，谈恋爱,hẹn hò
1473,付く,つく,have/get (something on something),沾上,dính
1474,着ける,つける,"wear, put on",穿,"đeo, đính"
1475,伝わる,つたわる,be introduced,流传，传说,"được truyền, du nhập"
1476,潰れる,つぶれる,be crushed/smashed,压坏,"bẹp, nát"
1477,積む,つむ,"pile up, stack",堆积,"chất, xếp"
1478,詰める,つめる,"fill, pack",装,"nhồi, cho vào, lấp"
1479,積もる,つもる,"pile up, be covered with",堆积,"chất đống, tich, đọng lại"
1480,出会う,であう,meet,见面,gặp gỡ
1481,でき上がる,できあがる,be completed,完成,hoàn thành
1482,照る,てる,shine,照,chiếu sáng
1483,溶く,とく,mix (with liquid),溶解,làm tan ra
1484,どく,,get out of the way,离开,tránh ra
1485,溶ける,とける,melt,融化,tan chảy
1486,どける,,move out of the way,移开,"dịch chuyển, xê dịch"
1487,閉じる,とじる,close,闭上,đóng lại
1488,飛び込む,とびこむ,dive/jump in,跳进,"nhảy vào, nhảy xuống"
1489,飛び出す,とびだす,dash/fly out,冲出,"nhảy ra, bay ra, lao ra"
1490,取り上げる/採り上げる,とりあげる,take up,提出,đưa ra
1491,取り消す,とりけす,cancel,取消,hủy
1492,取り出す,とりだす,take out,取出,lấy ra
1493,捕る,とる,catch,捕获,bắt
1494,取れる,とれる,come off,掉下,"tuột, rời ra"
1495,流れる,ながれる,flow,流,chảy
1496,殴る,なぐる,hit,殴打,"đấm, đánh"
1497,悩む,なやむ,be worried/troubled,烦恼,"ưu tư, trăn trở, băn khoăn"
1498,なる,,"grow, bear (fruit)",形成,"ra quả, chín quả"
1499,似合う,にあう,suit,匹配,hợp
1500,握る,にぎる,"hold, grasp",握,nắm
1501,煮る,にる,"boil, cook",煮,"ninh, nấu"
1502,縫う,ぬう,"sew, stitch",缝,"khâu, vá"
1503,抜く,ぬく,pull out,拔,"nhổ, bứt"
1504,ぬれる,,get wet,淋湿,ướt
1505,願う,ねがう,hope,希望,"mong, mong muốn"
1506,残す,のこす,leave,剩下,"để lại, để thừa"
1507,載せる,のせる,"carry, load",装载,"chất lên, cho lên, chở"
1508,伸びる,のびる,"become longer, grow",长高,"dài ra, tăng lên, tăng"
1509,延びる,のびる,be extended,延长,kéo dài
1510,昇る,のぼる,ascend,升起,"lên, mọc"
1511,乗り越す,のりこす,go past one’s stop,坐过站,đi quá điểm xuống
1512,生える,はえる,"grow, come out",生长,mọc
1513,測る/量る/計る,はかる,measure,测量,"đo, đo đạc, cân, tính toán"
1514,掃く,はく,sweep,扫,quét
1515,吐く,はく,"throw up, spit",吐,"nôn, nhổ ra"
1516,挟む,はさむ,"insert, put something between",夹,kẹp
1517,外す,はずす,"take off, unfasten, undo",移开,"tháo ra, cởi ra"
1518,外れる,はずれる,"come off/out, be out of place",偏离，脱落,"tuột, tuột ra"
1519,話し合う,はなしあう,"talk, discuss",互相交谈,"bàn bạc, thảo luận, nói chuyện"
1520,話し掛ける,はなしかける,speak/talk to,跟人说话，搭话,"bắt chuyện, làm quen"
1521,離れる,はなれる,"be apart, move away",离开,"rời, rời xa, ngồi xa"
1522,はめる,,"insert, put in",镶上,"lắp, đeo, cho vào"
1523,はやる,,"go around, be in fashion",流行,"thịnh hành, lưu hành, lây lan, được yêu thích"
1524,払い戻す,はらいもどす,give a refund,退款,trả lại
1525,腫れる,はれる,"swell, become swollen",肿,"sưng lên, tấy lên, sưng tấy lên"
1526,引き受ける,ひきうける,"take on, undertake",接受,nhận
1527,引き出す,ひきだす,withdraw,取出,"kéo ra, rút ra, rút (tiền)"
1528,引く,ひく,draw (a line),画（线）,"kéo, kẻ"
1529,引っ繰り返す,ひっくりかえす,turn something over,翻过来,lật lại
1530,引っ張る,ひっぱる,"pull, drag",拉住,kéo
1531,冷やす,ひやす,"cool, chill",使变冷,làm lạnh
1532,広げる,ひろげる,"widen, enlarge",拓宽,mở rộng
1533,広める,ひろめる,"spread, disseminate",推广,quảng bá
1534,拭く,ふく,wipe,抹净,"lau, chùi"
1535,膨らむ,ふくらむ,"swell, expand",膨胀,phồng lên
1536,防ぐ,ふせぐ,"prevent, guard against",抵御,"ngăn, đề phòng, tránh"
1537,ぶつかる,,"bump, collide with",碰撞,"va vào, va chạm"
1538,増やす,ふやす,increase,增加,làm tăng
1539,振り向く,ふりむく,"turn around, look back",回头,ngoảnh lại
1540,振る,ふる,"shake, wave",挥,"rắc, vẫy, lắc"
1541,震える,ふるえる,"shiver, tremble",颤抖,"run, run lên, run rẩy"
1542,減る,へる,decrease,减少,"giảm, ít đi"
1543,ほえる,,bark,咆哮,sủa
1544,干す,ほす,dry,晾干,phơi
1545,掘る,ほる,dig,挖,"đào, bới"
1546,曲げる,まげる,bend,弯曲,"gập, bẻ"
1547,混ぜる,まぜる,"mix, blend",混合,trộn
1548,待ち合わせる,まちあわせる,arrange to meet,碰面,hẹn gặp
1549,間違う,まちがう,"be wrong, mistake",弄错,"nhầm, nhầm lẫn"
1550,まとめる,,"collect, bring together",总结,"tóm tắt, tổng hợp, thu dọn"
1551,学ぶ,まなぶ,"study, learn",学习,học
1552,守る,まもる,"protect, defend",保护,"tuân thủ, bảo vệ"
1553,回す,まわす,turn,转动,"xoay, quay, vặn"
1554,見送る,みおくる,see a person off,目送,tiễn
1555,見直す,みなおす,"look again, re-examine",重新考虑，再看,"xem lại, nhìn lại"
1556,診る,みる,examine (medically),看病,khám
1557,向かう,むかう,head toward,前往,"hướng đến, đi"
1558,向く,むく,"face, turn toward",面向,"hướng về, nhìn về"
1559,むく,,peel,削,gọt
1560,蒸す,むす,steam,蒸,hấp
1561,結ぶ,むすぶ,tie,系,"buộc, kết nối"
1562,目指す,めざす,"aim at, have an eye on",以……为目标,"hướng đến, nhắm đến"
1563,目立つ,めだつ,"stand out, be distinctive",醒目,"nổi bật, nổi trội"
1564,申し込む,もうしこむ,"apply, ask for",申请,đăng ký
1565,戻す,もどす,return,返回,"trả lại, trả về"
1566,燃やす,もやす,burn,燃烧,"đốt, làm cháy"
1567,訳す,やくす,translate,翻译,dịch
1568,役に立つ,やくにたつ,"be useful, be of help",有益,"có ích, có tác dụng"
1569,休める,やすめる,"rest, have a rest",休息,cho nghỉ ngơi
1570,雇う,やとう,employ,雇佣,"thuê, tuyển dụng"
1571,破れる,やぶれる,be torn/ripped,打破,rách
1572,譲る,ゆずる,"give, transfer",让给,nhường
1573,ゆでる,,boil,煮,luộc
1574,許す,ゆるす,forgive,原谅,tha thứ
1575,揺れる,ゆれる,"shake, sway",摇晃,"rung, lắc, đung đưa"
1576,酔う,よう,get drunk,醉,say
1577,汚す,よごす,make something dirty,弄脏,làm bẩn
1578,弱まる,よわまる,"grow weak, weaken",变弱,yếu đi
1579,分ける,わける,"divide, share",分,"chia, phân chia"
1580,割る,わる,"divide, break",打碎,"làm vỡ, bẻ"
1581,浅い,あさい,shallow,浅的,"nông, nông cạn"
1582,偉い,えらい,"great, admirable",了不起的,"vĩ đại, giỏi"
1583,おかしい①,,funny,好笑的,"lạ, buồn cười"
1584,おかしい②,,"strange, wrong",奇怪的,khác thường
1585,恐ろしい,おそろしい,"terrible, awful",可怕的,"khủng khiếp, kinh khủng"
1586,おとなしい,,"gentle, quiet",温顺的,"ngoan, ngoan ngoãn"
1587,かゆい,,itchy,痒的,"ngứa, ngứa ngáy"
1588,きつい,,tight,紧的,"chật, (công việc) vất vả, (lịch trình) kín mín"
1589,厳しい,きびしい,strict,严格的,"nghiêm khắc, khó tính"
1590,臭い,くさい,smelly,臭的,hôi thối
1591,悔しい,くやしい,mortifying,懊悔的,"tiếc, hối tiếc, đau khổ"
1592,苦しい,くるしい,"difficult, painful, hard",困难的,"khó thở, đau khổ"
1593,詳しい,くわしい,detailed,详细的,cụ thể
1594,濃い,こい,"dark, strong, thick",浓的,"đậm, nồng, đặc"
1595,細かい,こまかい,"small, detailed",细小的,"nhỏ, vụn vặt"
1596,塩辛い,しおからい,salty,咸的,"mặn, nhiều muối"
1597,四角い,しかくい,square,方形的,vuông vắn
1598,しかた（が）ない,,"thereʼs no other choice, canʼt be helped",没有办法的,"không còn cách nào khác, đành phải"
1599,酸っぱい,すっぱい,sour,酸的,chua
1600,つらい,,"hard, painful",痛苦的,"khổ sở, khó"
1601,懐かしい,なつかしい,"nostalgic, dear old days",令人怀念的,"nhớ tiếc, nhớ"
1602,ぬるい,,lukewarm,温的,"nguội, âm ấm"
1603,ひどい,,terrible,严重的,"kinh khủng, khủng khiếp"
1604,細長い,ほそながい,"slender, long and thin",细长的,thon dài
1605,貧しい,まずしい,poor,贫穷的,nghèo
1606,蒸し暑い,むしあつい,hot and humid,闷热的,"nóng, oi bức"
1607,珍しい,めずらしい,"rare, unusual",罕见的，珍贵的,"hiếm, lạ"
1608,申し訳ない,もうしわけない,be sorry,实在抱歉,"xin lỗi, thấy có lỗi"
1609,もったいない,,wasteful,浪费的,"lãng phí, phung phí"
1610,ものすごい,,terrible,可怕的,"kinh khủng, khủng khiếp"
1611,意外,いがい,unexpected,意外的,"không ngờ, không nghĩ đến"
1612,異常,いじょう,"unusual, abnormal",异常的,"bất thường, khác thường"
1613,一般的,いっぱんてき,"general, common",一般的,thông thường
1614,穏やか,おだやか,"calm, mild",平静的；温和的,"êm ả, êm đềm"
1615,確実,かくじつ,"sure, certain",确实的,"chắc chắn, chắc, an toàn"
1616,勝手,かって,selfish,自私的,"tự tiện, tuỳ tiện"
1617,可能,かのう,possible,可能的,"có khả năng, có thể"
1618,かわいそう,,"pitiful, poor",可怜的,"đáng thương, tội nghiệp"
1619,頑固,がんこ,stubborn,顽固的,"cứng đầu, bảo thủ"
1620,完全,かんぜん,"perfect, complete",完全的,"hoàn toàn, toàn bộ"
1621,客観的,きゃっかんてき,objective,客观的,"tính khách quan, khách quan"
1622,具体的,ぐたいてき,"concrete, specific",具体的,"cụ thể, chi tiết"
1623,経済的,けいざいてき,"economic, economical",经济上的,"kinh tế, tài chính"
1624,幸福,こうふく,happy,幸福的,hạnh phúc
1625,国際的,こくさいてき,international,国际性的,"quốc tế, toàn thế giới"
1626,盛ん,さかん,flourishing,盛行的,phát triển
1627,さまざま,,various,各种各样的,"nhiều, đa dạng"
1628,幸せ,しあわせ,happy,幸福的,hạnh phúc
1629,地味,じみ,"conservative, sober, quiet",朴素的，素净的,"đơn giản, giản dị"
1630,重大,じゅうだい,"of consequence, grave, important",重大的,"quan trọng, trọng đại"
1631,重要,じゅうよう,important,重要,"quan trọng, trọng yếu"
1632,消極的,しょうきょくてき,"passive, negative",消极的,"tiêu cực, trầm"
1633,新鮮,しんせん,fresh,新鲜的,"tươi, tươi mới"
1634,素敵,すてき,"lovely, beautiful",漂亮的,"đẹp, đẹp đẽ"
1635,スペシャル,,special,特别的,đặc biệt
1636,正確,せいかく,"precise, accurate",正确的,chính xác
1637,ぜいたく,,"luxurious, extravagant",奢侈的,"xa xỉ, xa hoa"
1638,積極的,せっきょくてき,"positive, active",积极的,tích cực
1639,そっくり,,exactly like/the same,极像的,"giống hệt, giống như đúc"
1640,ソフト,,soft,软的,"mềm, mềm mại"
1641,退屈,たいくつ,"bored, boring",无聊的,"chán, chán nản, chán chường"
1642,確か,たしか,"reliable, certain",确实的，可靠的,"chắc chắn, minh mẫn"
1643,単純,たんじゅん,simple,简单的,"đơn giản, đơn thuần"
1644,適当,てきとう,"appropriate, suitable",适当的,thích hợp
1645,得意,とくい,"good at, clever at",擅长的,"giỏi, tự hào, có năng khiếu"
1646,苦手,にがて,"weak in, poor in",不擅长的,"kém, không thích"
1647,派手,はで,"bright, loud",艳丽的,"loè loẹt, sặc sỡ"
1648,貧乏,びんぼう,poor,贫穷的,nghèo
1649,不安,ふあん,"uneasy, nervous",担心的,"bất an, lo lắng"
1650,不規則,ふきそく,irregular,不规则的,"bất quy tắc, không theo quy củ"
1651,複雑,ふくざつ,complicated,复杂的,phức tạp
1652,不幸,ふこう,unhappy,不幸的,"bất hạnh, không hạnh phúc"
1653,無事,ぶじ,safe,没事的,bình an vô sự
1654,不思議,ふしぎ,"strange, mysterious",不可思议的,"ly kì, lạ kì"
1655,不満,ふまん,dissatisfied,不满的,"bất mãn, không vừa lòng"
1656,平和,へいわ,peaceful,和平的,hoà bình
1657,真っ赤,まっか,bright red,通红的,"đỏ rực, đỏ bừng"
1658,真っ暗,まっくら,pitch-black,漆黑的,tối om
1659,真っ青,まっさお,deep blue,湛蓝的,"xanh ngắt, xanh thẫm"
1660,満足,まんぞく,satisfied,满足,"hài lòng, thoả mãn"
1661,無駄,むだ,"wasteful, useless",浪费的,"lãng phí, phung phí"
1662,迷惑,めいわく,"annoying, nuisance",打扰的,"làm phiền, làm ảnh hưởng"
1663,面倒,めんどう,"troublesome, complicated",麻烦的,"phiền toái, ngại"
1664,優秀,ゆうしゅう,excellent,优异的,"ưu tú, xuất sắc"
1665,豊か,ゆたか,"rich, abundant",丰富的,phong phú
1666,余分,よぶん,"extra, surplus",剩余的,"thừa thãi, dư thừa,không cần"
1667,楽,らく,"easy, comfortable",轻松的,"nhẹ nhàng, nhàn hạ"
1668,わがまま,,selfish,任性的,"ương bướng, ích kỉ"
1669,一時,いちじ,temporarily,暂时,tạm thời
1670,一度に,いちどに,"one time, at a time",同时,"một lần, cùng một lúc"
1671,いつか,,someday,（将来的）某一天,"một lúc nào đó, khi nào đó"
1672,いつの間にか,いつのまにか,before one knows it,不知不觉,từ lúc nào không hay
1673,いつまでも,,forever,永远,"mãi mãi, luôn, bao giờ cũng"
1674,今にも,いまにも,at any moment,马上，眼看,"sắp, sắp sửa"
1675,いよいよ,,"at last, finally",终于,"cuối cùng, sắp sửa"
1676,うっかり,,carelessly,一不小心,lơ đễnh
1677,恐らく,おそらく,"perhaps, probably",恐怕,"có lẽ, có thể"
1678,お互いに,おたがいに,"mutually, each other",相互,"lẫn nhau, cùng với nhau"
1679,思い切って,おもいきって,"daringly, boldly",下定决心,quyết tâm
1680,かえって,,"rather than, on the contrary",反而,ngược lại
1681,かなり,,considerably,相当,"khá là, khá"
1682,きちんと,,"neatly, properly",整齐,"ngăn nắp, ngay ngắn, gọn gàng"
1683,きらきら,,"glittering, sparkling",闪闪发光,lấp lánh
1684,偶然,ぐうぜん,"by coincidence, accidentally",偶然,ngẫu nhiên
1685,ぐずぐず,,"dawdling, lazily/slowly taking one’s own time",磨蹭,"chậm chạp, lâu la"
1686,ぐっすり,,"deeply, like a log",（睡得）香甜，熟睡,ngủ ngon
1687,くるくる,,"spinning, round and round",滴溜溜（地转）,quay vòng
1688,ぐるぐる,,"in circles, round and round",滴溜溜（地转）,"loanh quanh, luẩn quẩn"
1689,結局,けっきょく,"after all, in the end",最终,cuối cùng
1690,しいんと,,quiet,安静，寂静,"im lặng, yên lặng"
1691,次第に,しだいに,gradually,逐渐,dần dần
1692,じっと,,"still, fixedly",一动不动,"giữ yên, yên lặng"
1693,実は,じつは,"to tell the truth, in fact",实际上,"thực ra thì..., thật ra thì..."
1694,少々,しょうしょう,a little/moment,稍微,một chút
1695,少しも,すこしも,(not) a bit/at all,一点（也）不,một chút cũng (không)
1696,全て,すべて,all,所有,"hoàn toàn, toàn bộ"
1697,すらすら,,"smoothly, easily",流利,trôi chảy
1698,せっかく,,in spite of oneʼs effort,特意,"cất công, tốn sức, mất công"
1699,絶対,ぜったい,absolutely,绝对,"tuyệt đối, nhất định"
1700,そっと,,"quietly, gently",轻轻地,"nhẹ nhàng, rón rén"
1701,そのうち,,"soon, before long",不久的将来,"trong thời gian gần nhất, chẳng mấy chốc"
1702,そのまま,,"as it is, keeping intact",原样,"nguyên, nguyên cả, nguyên như thế"
1703,それぞれ,,each,各个,"từng, mỗi"
1704,そろそろ,,"soon, before long",马上,"sắp sửa, chuẩn bị"
1705,たった,,"no more than, only",只有,"chỉ, chỉ có"
1706,たとえ,,even if,即使,"giả dụ, ví dụ, giả sử"
1707,たびたび,,often,经常,thỉnh thoảng
1708,たまに,,occasionally,偶尔,"thi thoảng, thỉnh thoảng"
1709,ちゃんと,,properly,好好地,"nghiêm túc, cẩn thận, chỉn chu"
1710,直接,ちょくせつ,directly,直接,trực tiếp
1711,次々,つぎつぎ,one after another,接连不断,liên tiếp
1712,どうか,,please,请,"mong, làm ơn hãy"
1713,どうしても,,at any cost,无论如何,"dù sao, dù thế nào thì cũng"
1714,どきどき,,"all of a flutter, pit-a-pat",心怦怦地跳,"hồi hộp, căng thẳng"
1715,突然,とつぜん,suddenly,突然,"đột nhiên, tự nhiên"
1716,どんなに,,however,无论,cho dù thế nào
1717,なるほど,,"I see, indeed",原来如此,quả nhiên
1718,何で,なんで,why,为什么,"vì sao, tại sao"
1719,何となく,なんとなく,"somehow, for some reason or another",总觉得,"không hiểu sao, tự nhiên"
1720,にこにこ,,"beaming, all smiles",笑眯眯,mỉm cười
1721,二度と,にどと,never again,两次,"lần thứ hai, lần sau"
1722,年中,ねんじゅう,"throughout the year, all the time",一整年,"quanh năm, suốt năm"
1723,後に,のちに,"later, subsequently",后来,sau này
1724,のんびり,,"leisurely, in a relaxed way",悠闲,"thong thả, nghỉ ngơi thong thả"
1725,ばらばら,,"apart, in pieces",零散,"tháo rời, lung tung"
1726,ぴかぴか,,"shining, glittering",油光锃亮,"sáng bóng, bóng loáng, lấp lánh"
1727,ぴったり,,"exactly, tightly",紧,"hợp, khớp, vừa in, chặt"
1728,ふらふら,,"unsteady, dizzy",晕晕乎乎,"choáng váng, lảo đảo, chao đảo"
1729,ぶらぶら,,"aimlessly, lazily",闲逛,loanh quanh
1730,ぺこぺこ,,"very hungry, starving",饿,"đói bụng, đói meo"
1731,ぺらぺら,,fluently,流利,trôi chảy
1732,ほっと,,feeling relieved,放松,"yên tâm, an tâm, bớt căng thẳng, nhẹ người"
1733,ぼんやり,,"vaguely, dimly, foggy",隐约,"lờ mờ, mơ hồ, mờ ảo"
1734,まあまあ,,so-so,一般,bình thường
1735,全く,まったく,"completely, (not) at all",完全,hoàn toàn
1736,間もなく,まもなく,soon,不久,"sắp sửa, chuẩn bị"
1737,まるで,,"just like, as if",就像,hệt như
1738,めったに,,"seldom, rarely",很少,"hiếm khi, ít khi"
1739,最も,もっとも,"the most, ~est",最,nhất
1740,割合に,わりあいに,"comparatively, relatively",比较,tương đối
1741,ある,,"a certain, one",有,nọ
1742,一方,いっぽう,"on the other hand, while",另一方面,"mặt khác, một mặt"
1743,さて,,"now, well",话说,mà...
1744,すると,,"then, and",于是,và thế là
1745,そう言えば,そういえば,"which reminds me, now that you mention it",说起来,"nói thế mới nhớ ra, nói thế mới nghĩ đến, à mà..."
1746,そこで,,therefore,因此,do đó
1747,そのうえ,,"in addition, moreover",而且,"hơn nữa, hơn thế"
1748,そのため,,"for that reason, therefore",因此,vì vậy
1749,それで,,that’s why,所以,"nên, do đó"
1750,それとも,,or,或者,"hay là, hoặc là, hoặc"
1751,それなら,,"then, if so",那样的话,"nếu vậy thì, nếu thế thì"
1752,それに,,"besides, moreover",而且,hơn nữa
1753,だが/ですが,,but,但是,"tuy nhiên, nhưng"
1754,つまり,,"in other words, that is to say",也就是说,"tức là, nghĩa là"
1755,ですから,,therefore,所以,"vì thế, vì vậy"
1756,ところが,,"however, but",但是,"vậy mà, nhưng mà"
1757,ところで,,by the way,话说回来,à mà...
1758,なぜなら,,because,因为,bởi vì
1759,または,,or,或者,hoặc là
1760,おいでになる,,"come, go",莅临,"đến, tới"
1761,お召しになる,おめしになる,wear,穿,mặc
1762,お休みになる,おやすみになる,"sleep, go to bed, take a rest/break",睡觉,"ngủ, đi nghỉ"
1763,ご覧になる,ごらんになる,"look, see, watch",看,"xem, nhìn"
1764,召し上がる,めしあがる,"eat, drink",吃，喝,"ăn, uống, dùng (món ăn, đồ uống)"
1765,いたす,,do,做,làm
1766,頂く,いただく①,"eat, drink",吃，喝,"ăn, uống"
1767,頂く,いただく②,receive,收到,"nhận, được cho"
1768,伺う,うかがう①,ask,问,"nghe, hỏi"
1769,伺う,うかがう②,visit,去,"đi, đến thăm"
1770,お目にかかる,おめにかかる,"meet, see",见,gặp
1771,お目にかける,おめにかける,show,给您看,cho xem
1772,ご覧にいれる,ごらんにいれる,show,给您看,cho xem
1773,参る,まいる,"come, go",来，去,"đến, đi"
1774,でございます,,be,是,là
1775,ございます,,"there is/are, have",在，有,"có, ở"
1776,お上がりください,おあがりください①,please eat/help yourself,请品尝,xin mời dùng (món ăn)
1777,お上がりください,おあがりください②,please come in,请进,xin mời vào
1778,おいでください,,please come,请过来,xin hãy đến
1779,お構いなく,おかまいなく,please don’t trouble yourself,不用在意,đừng bận tâm
1780,お元気で,おげんきで,keep well,请保重,xin hãy giữ gìn sức khỏe
1781,お先に,おさきに,excuse me (for leaving before you),先告辞了,trước
1782,おじゃまします,,excuse me (for disturbing you),打扰了,"xin phép, xin phép làm phiền"
1783,お世話になりました,おせわになりました,thank you for taking care of me/all your help,承蒙照顾,tôi đã được giúp đỡ rất nhiều
1784,お疲れ様（でした）,おつかれさま（でした）,thank you for your hard work,辛苦了,cảm ơn vì đã vất vả
1785,お待たせしました,おまたせしました,thank you for/sorry to have kept you waiting,您久等了,xin lỗi đã để anh chị chờ lâu
1786,お待ちどおさま,おまちどおさま,thank you for/sorry to have kept you waiting,您久等了,cảm ơn anh chị đã chờ
1787,おめでとう（ございます）,,congratulations,恭喜,"xin chúc mừng, chúc mừng"
1788,かまいません,,I don’t mind,没关系，没问题,"không sao, không vấn đề gì"
1789,ご遠慮なく,ごえんりょなく,"feel free, go ahead.",请便,xin cứ tự nhiên
1790,ご迷惑をおかけしました,ごめいわくをおかけしました,I’m sorry for causing any trouble,抱歉给您添麻烦了,xin lỗi vì đã làm phiền mọi người
1791,ごめん,,sorry,对不起,xin lỗi
1792,すまない,,sorry,对不起,xin lỗi nhé
1793,それはいけませんね,,that’s too bad,那可不行,"thế thì gay nhỉ, thế thì không được rồi"
1794,またね,,see you,再见,"gặp sau nhé, hẹn gặp lại nhé"
1795,申し訳ありません,もうしわけありません,I’m sorry,抱歉,"xin lỗi, xin tha thứ cho tôi"
1796,ようこそ,,welcome,欢迎,rất hân hạnh chào đón
1797,よくいらっしゃいました,,thank you for coming,谢谢您的到来,anh chị đã đến chơi ạ
1798,あれ/あれっ,,"uh-oh, oh no",咦,ơ
1799,ええと,,"er, let me see",嗯,"ừm, à..."
1800,万歳,ばんざい,"hip hip hurray, cheers",万岁,muôn năm
